data,valor,percentatge,codiEstacio,codiVariable
1999-04-01Z,0.6,100.0,C6,1300
1999-04-02Z,0.0,100.0,C6,1300
1999-04-03Z,0.0,100.0,C6,1300
1999-04-04Z,0.0,100.0,C6,1300
1999-04-05Z,0.0,100.0,C6,1300
1999-04-06Z,0.0,100.0,C6,1300
1999-04-07Z,0.0,100.0,C6,1300
1999-04-08Z,0.0,100.0,C6,1300
1999-04-09Z,0.0,100.0,C6,1300
1999-04-10Z,0.0,100.0,C6,1300
1999-04-11Z,0.0,100.0,C6,1300
1999-04-12Z,0.0,100.0,C6,1300
1999-04-13Z,0.0,100.0,C6,1300
1999-04-14Z,0.0,100.0,C6,1300
1999-04-15Z,9.6,100.0,C6,1300
1999-04-16Z,1.8,100.0,C6,1300
1999-04-17Z,2.2,100.0,C6,1300
1999-04-18Z,0.0,100.0,C6,1300
1999-04-19Z,0.0,100.0,C6,1300
1999-04-20Z,0.0,100.0,C6,1300
1999-04-21Z,0.8,100.0,C6,1300
1999-04-22Z,0.8,100.0,C6,1300
1999-04-23Z,0.4,100.0,C6,1300
1999-04-24Z,0.0,100.0,C6,1300
1999-04-25Z,2.6,100.0,C6,1300
1999-04-26Z,0.2,100.0,C6,1300
1999-04-27Z,0.2,100.0,C6,1300
1999-04-29Z,9.2,100.0,C6,1300
1999-04-30Z,0.2,100.0,C6,1300
1999-04-01Z,0.0,100.0,C7,1300
1999-04-02Z,0.0,100.0,C7,1300
1999-04-03Z,0.0,100.0,C7,1300
1999-04-04Z,0.0,100.0,C7,1300
1999-04-05Z,0.0,100.0,C7,1300
1999-04-06Z,0.0,100.0,C7,1300
1999-04-07Z,0.0,100.0,C7,1300
1999-04-08Z,0.0,100.0,C7,1300
1999-04-09Z,0.0,100.0,C7,1300
1999-04-10Z,0.0,100.0,C7,1300
1999-04-11Z,0.0,100.0,C7,1300
1999-04-12Z,0.0,100.0,C7,1300
1999-04-13Z,0.0,100.0,C7,1300
1999-04-14Z,0.0,100.0,C7,1300
1999-04-15Z,23.4,100.0,C7,1300
1999-04-16Z,2.2,100.0,C7,1300
1999-04-17Z,1.4,100.0,C7,1300
1999-04-18Z,0.0,100.0,C7,1300
1999-04-19Z,0.0,100.0,C7,1300
1999-04-20Z,0.0,100.0,C7,1300
1999-04-21Z,0.8,100.0,C7,1300
1999-04-22Z,1.0,100.0,C7,1300
1999-04-23Z,0.2,100.0,C7,1300
1999-04-24Z,0.0,100.0,C7,1300
1999-04-25Z,6.0,100.0,C7,1300
1999-04-26Z,0.0,100.0,C7,1300
1999-04-27Z,0.6,100.0,C7,1300
1999-04-28Z,9.2,100.0,C7,1300
1999-04-29Z,13.2,100.0,C7,1300
1999-04-30Z,0.2,100.0,C7,1300
1999-04-01Z,0.0,100.0,C8,1300
1999-04-02Z,0.0,100.0,C8,1300
1999-04-03Z,0.0,100.0,C8,1300
1999-04-04Z,0.0,100.0,C8,1300
1999-04-05Z,0.0,100.0,C8,1300
1999-04-06Z,0.0,100.0,C8,1300
1999-04-07Z,0.0,100.0,C8,1300
1999-04-08Z,0.0,100.0,C8,1300
1999-04-09Z,0.0,100.0,C8,1300
1999-04-10Z,0.0,100.0,C8,1300
1999-04-11Z,0.0,100.0,C8,1300
1999-04-12Z,0.4,100.0,C8,1300
1999-04-13Z,0.0,100.0,C8,1300
1999-04-14Z,0.0,100.0,C8,1300
1999-04-15Z,16.6,100.0,C8,1300
1999-04-16Z,13.0,100.0,C8,1300
1999-04-17Z,1.6,100.0,C8,1300
1999-04-18Z,0.0,100.0,C8,1300
1999-04-19Z,0.0,100.0,C8,1300
1999-04-20Z,0.0,100.0,C8,1300
1999-04-21Z,0.6,100.0,C8,1300
1999-04-22Z,1.0,100.0,C8,1300
1999-04-23Z,0.0,100.0,C8,1300
1999-04-24Z,0.0,100.0,C8,1300
1999-04-25Z,5.8,100.0,C8,1300
1999-04-26Z,0.4,100.0,C8,1300
1999-04-27Z,5.4,100.0,C8,1300
1999-04-28Z,11.2,100.0,C8,1300
1999-04-29Z,8.0,100.0,C8,1300
1999-04-30Z,0.2,100.0,C8,1300
1999-04-01Z,0.0,100.0,C9,1300
1999-04-02Z,0.2,100.0,C9,1300
1999-04-03Z,0.0,100.0,C9,1300
1999-04-04Z,0.0,100.0,C9,1300
1999-04-05Z,0.0,100.0,C9,1300
1999-04-06Z,0.0,100.0,C9,1300
1999-04-07Z,0.0,100.0,C9,1300
1999-04-08Z,0.0,100.0,C9,1300
1999-04-09Z,0.0,100.0,C9,1300
1999-04-10Z,0.0,100.0,C9,1300
1999-04-11Z,0.0,100.0,C9,1300
1999-04-12Z,0.0,100.0,C9,1300
1999-04-13Z,0.0,100.0,C9,1300
1999-04-14Z,0.0,100.0,C9,1300
1999-04-15Z,3.8,100.0,C9,1300
1999-04-16Z,1.2,100.0,C9,1300
1999-04-17Z,0.2,100.0,C9,1300
1999-04-18Z,0.0,100.0,C9,1300
1999-04-19Z,0.0,100.0,C9,1300
1999-04-20Z,0.0,100.0,C9,1300
1999-04-21Z,0.0,100.0,C9,1300
1999-04-22Z,0.0,100.0,C9,1300
1999-04-23Z,0.4,100.0,C9,1300
1999-04-24Z,0.0,100.0,C9,1300
1999-04-25Z,1.4,100.0,C9,1300
1999-04-26Z,2.6,100.0,C9,1300
1999-04-27Z,23.2,100.0,C9,1300
1999-04-28Z,28.8,100.0,C9,1300
1999-04-29Z,0.6,100.0,C9,1300
1999-04-30Z,0.2,100.0,C9,1300
1999-04-01Z,0.0,100.0,CA,1300
1999-04-02Z,0.0,100.0,CA,1300
1999-04-03Z,0.0,100.0,CA,1300
1999-04-04Z,0.0,100.0,CA,1300
1999-04-05Z,0.0,100.0,CA,1300
1999-04-06Z,0.0,100.0,CA,1300
1999-04-07Z,0.2,100.0,CA,1300
1999-04-08Z,0.0,100.0,CA,1300
1999-04-14Z,0.0,100.0,CA,1300
1999-04-15Z,21.4,100.0,CA,1300
1999-04-16Z,1.8,100.0,CA,1300
1999-04-17Z,0.6,100.0,CA,1300
1999-04-18Z,0.0,100.0,CA,1300
1999-04-19Z,0.0,100.0,CA,1300
1999-04-20Z,0.0,100.0,CA,1300
1999-04-21Z,0.0,100.0,CA,1300
1999-04-22Z,3.6,100.0,CA,1300
1999-04-23Z,2.6,100.0,CA,1300
1999-04-24Z,0.0,100.0,CA,1300
1999-04-25Z,6.2,100.0,CA,1300
1999-04-26Z,4.4,100.0,CA,1300
1999-04-27Z,6.6,100.0,CA,1300
1999-04-28Z,8.6,100.0,CA,1300
1999-04-29Z,2.8,100.0,CA,1300
1999-04-30Z,0.0,100.0,CA,1300
1999-04-01Z,0.0,100.0,CC,1300
1999-04-02Z,0.0,100.0,CC,1300
1999-04-03Z,0.0,100.0,CC,1300
1999-04-09Z,0.0,100.0,CC,1300
1999-04-10Z,0.0,100.0,CC,1300
1999-04-11Z,1.0,100.0,CC,1300
1999-04-12Z,0.6,100.0,CC,1300
1999-04-13Z,0.0,100.0,CC,1300
1999-04-14Z,0.0,100.0,CC,1300
1999-04-15Z,27.8,100.0,CC,1300
1999-04-16Z,1.4,100.0,CC,1300
1999-04-17Z,0.6,100.0,CC,1300
1999-04-18Z,0.0,100.0,CC,1300
1999-04-19Z,0.0,100.0,CC,1300
1999-04-20Z,0.0,100.0,CC,1300
1999-04-21Z,0.0,100.0,CC,1300
1999-04-22Z,2.6,100.0,CC,1300
1999-04-23Z,0.0,100.0,CC,1300
1999-04-24Z,0.0,100.0,CC,1300
1999-04-25Z,1.0,100.0,CC,1300
1999-04-27Z,5.6,100.0,CC,1300
1999-04-28Z,1.2,100.0,CC,1300
1999-04-29Z,3.6,100.0,CC,1300
1999-04-01Z,0.0,100.0,CD,1300
1999-04-02Z,0.0,100.0,CD,1300
1999-04-03Z,0.0,100.0,CD,1300
1999-04-04Z,0.0,100.0,CD,1300
1999-04-05Z,0.0,100.0,CD,1300
1999-04-06Z,0.0,100.0,CD,1300
1999-04-07Z,0.4,100.0,CD,1300
1999-04-08Z,0.0,100.0,CD,1300
1999-04-09Z,0.0,100.0,CD,1300
1999-04-10Z,0.0,100.0,CD,1300
1999-04-11Z,0.0,100.0,CD,1300
1999-04-12Z,0.0,100.0,CD,1300
1999-04-13Z,0.0,100.0,CD,1300
1999-04-14Z,0.0,100.0,CD,1300
1999-04-15Z,20.8,100.0,CD,1300
1999-04-16Z,0.8,100.0,CD,1300
1999-04-17Z,0.2,100.0,CD,1300
1999-04-18Z,0.0,100.0,CD,1300
1999-04-19Z,0.0,100.0,CD,1300
1999-04-20Z,0.2,100.0,CD,1300
1999-04-21Z,0.4,100.0,CD,1300
1999-04-22Z,14.0,97.9,CD,1300
1999-04-23Z,0.6,100.0,CD,1300
1999-04-24Z,0.0,100.0,CD,1300
1999-04-25Z,6.4,100.0,CD,1300
1999-04-26Z,4.0,100.0,CD,1300
1999-04-27Z,3.0,100.0,CD,1300
1999-04-28Z,2.8,100.0,CD,1300
1999-04-29Z,3.2,100.0,CD,1300
1999-04-30Z,0.0,100.0,CD,1300
1999-04-01Z,0.0,100.0,CE,1300
1999-04-02Z,0.0,100.0,CE,1300
1999-04-03Z,0.0,100.0,CE,1300
1999-04-04Z,0.0,100.0,CE,1300
1999-04-05Z,0.0,100.0,CE,1300
1999-04-06Z,0.0,100.0,CE,1300
1999-04-07Z,0.4,100.0,CE,1300
1999-04-08Z,0.0,100.0,CE,1300
1999-04-09Z,0.0,100.0,CE,1300
1999-04-10Z,0.0,100.0,CE,1300
1999-04-11Z,0.0,100.0,CE,1300
1999-04-13Z,0.0,100.0,CE,1300
1999-04-14Z,0.0,100.0,CE,1300
1999-04-15Z,25.6,100.0,CE,1300
1999-04-16Z,1.4,100.0,CE,1300
1999-04-17Z,0.0,100.0,CE,1300
1999-04-18Z,0.0,100.0,CE,1300
1999-04-19Z,0.0,100.0,CE,1300
1999-04-20Z,0.0,100.0,CE,1300
1999-04-21Z,0.0,100.0,CE,1300
1999-04-22Z,0.0,100.0,CE,1300
1999-04-23Z,3.0,100.0,CE,1300
1999-04-24Z,0.0,100.0,CE,1300
1999-04-25Z,0.0,100.0,CE,1300
1999-04-26Z,1.4,100.0,CE,1300
1999-04-27Z,0.2,100.0,CE,1300
1999-04-28Z,2.6,100.0,CE,1300
1999-04-29Z,0.0,100.0,CE,1300
1999-04-30Z,0.0,100.0,CE,1300
1999-04-01Z,0.0,100.0,CF,1300
1999-04-02Z,0.0,100.0,CF,1300
1999-04-03Z,0.0,100.0,CF,1300
1999-04-04Z,0.0,100.0,CF,1300
1999-04-05Z,0.0,100.0,CF,1300
1999-04-06Z,0.0,100.0,CF,1300
1999-04-07Z,1.0,100.0,CF,1300
1999-04-08Z,0.0,100.0,CF,1300
1999-04-09Z,0.0,100.0,CF,1300
1999-04-10Z,0.0,100.0,CF,1300
1999-04-11Z,1.4,100.0,CF,1300
1999-04-12Z,0.4,100.0,CF,1300
1999-04-13Z,0.2,100.0,CF,1300
1999-04-14Z,0.0,100.0,CF,1300
1999-04-15Z,8.8,100.0,CF,1300
1999-04-16Z,0.2,100.0,CF,1300
1999-04-17Z,0.0,100.0,CF,1300
1999-04-18Z,0.0,100.0,CF,1300
1999-04-19Z,0.0,100.0,CF,1300
1999-04-20Z,0.0,100.0,CF,1300
1999-04-21Z,0.0,100.0,CF,1300
1999-04-22Z,16.2,100.0,CF,1300
1999-04-23Z,13.2,100.0,CF,1300
1999-04-24Z,0.0,100.0,CF,1300
1999-04-25Z,0.0,100.0,CF,1300
1999-04-26Z,1.2,100.0,CF,1300
1999-04-27Z,0.0,100.0,CF,1300
1999-04-28Z,4.0,100.0,CF,1300
1999-04-29Z,0.2,100.0,CF,1300
1999-04-30Z,0.0,100.0,CF,1300
1999-04-01Z,1.0,100.0,CH,1300
1999-04-02Z,0.0,100.0,CH,1300
1999-04-03Z,0.0,100.0,CH,1300
1999-04-04Z,0.0,100.0,CH,1300
1999-04-05Z,0.0,100.0,CH,1300
1999-04-06Z,0.0,100.0,CH,1300
1999-04-07Z,0.0,100.0,CH,1300
1999-04-08Z,0.0,100.0,CH,1300
1999-04-09Z,0.0,100.0,CH,1300
1999-04-10Z,0.0,100.0,CH,1300
1999-04-11Z,0.0,100.0,CH,1300
1999-04-12Z,0.4,100.0,CH,1300
1999-04-13Z,0.0,100.0,CH,1300
1999-04-14Z,0.0,100.0,CH,1300
1999-04-15Z,12.2,100.0,CH,1300
1999-04-16Z,1.4,100.0,CH,1300
1999-04-17Z,0.0,100.0,CH,1300
1999-04-18Z,0.0,100.0,CH,1300
1999-04-19Z,0.0,100.0,CH,1300
1999-04-20Z,0.0,100.0,CH,1300
1999-04-21Z,0.0,100.0,CH,1300
1999-04-22Z,0.0,100.0,CH,1300
1999-04-23Z,1.0,95.8,CH,1300
1999-04-24Z,0.0,100.0,CH,1300
1999-04-25Z,3.4,100.0,CH,1300
1999-04-26Z,0.2,100.0,CH,1300
1999-04-27Z,20.6,100.0,CH,1300
1999-04-28Z,24.0,100.0,CH,1300
1999-04-29Z,0.2,100.0,CH,1300
1999-04-30Z,0.0,97.9,CH,1300
1999-04-01Z,0.0,100.0,CI,1300
1999-04-02Z,0.0,100.0,CI,1300
1999-04-03Z,0.0,100.0,CI,1300
1999-04-04Z,0.0,100.0,CI,1300
1999-04-05Z,0.0,100.0,CI,1300
1999-04-06Z,0.0,100.0,CI,1300
1999-04-07Z,3.4,100.0,CI,1300
1999-04-08Z,0.0,100.0,CI,1300
1999-04-09Z,0.0,100.0,CI,1300
1999-04-10Z,0.0,100.0,CI,1300
1999-04-11Z,0.0,100.0,CI,1300
1999-04-12Z,0.8,100.0,CI,1300
1999-04-13Z,0.0,100.0,CI,1300
1999-04-14Z,0.0,100.0,CI,1300
1999-04-15Z,24.6,100.0,CI,1300
1999-04-16Z,0.0,100.0,CI,1300
1999-04-17Z,1.2,100.0,CI,1300
1999-04-18Z,0.0,100.0,CI,1300
1999-04-19Z,0.0,100.0,CI,1300
1999-04-20Z,0.0,100.0,CI,1300
1999-04-21Z,0.0,100.0,CI,1300
1999-04-22Z,7.0,100.0,CI,1300
1999-04-23Z,6.0,100.0,CI,1300
1999-04-24Z,0.0,100.0,CI,1300
1999-04-25Z,6.0,100.0,CI,1300
1999-04-26Z,28.2,100.0,CI,1300
1999-04-27Z,10.0,100.0,CI,1300
1999-04-28Z,9.8,100.0,CI,1300
1999-04-29Z,1.4,100.0,CI,1300
1999-04-30Z,0.0,100.0,CI,1300
1999-04-01Z,0.0,100.0,CJ,1300
1999-04-02Z,0.0,100.0,CJ,1300
1999-04-03Z,0.0,100.0,CJ,1300
1999-04-04Z,0.0,100.0,CJ,1300
1999-04-05Z,0.0,100.0,CJ,1300
1999-04-06Z,0.0,100.0,CJ,1300
1999-04-07Z,0.4,100.0,CJ,1300
1999-04-08Z,0.0,100.0,CJ,1300
1999-04-09Z,0.0,100.0,CJ,1300
1999-04-10Z,0.0,100.0,CJ,1300
1999-04-11Z,0.0,100.0,CJ,1300
1999-04-12Z,0.0,100.0,CJ,1300
1999-04-13Z,0.0,100.0,CJ,1300
1999-04-14Z,0.0,100.0,CJ,1300
1999-04-15Z,33.2,100.0,CJ,1300
1999-04-16Z,4.2,100.0,CJ,1300
1999-04-17Z,1.0,100.0,CJ,1300
1999-04-18Z,0.0,100.0,CJ,1300
1999-04-19Z,0.0,100.0,CJ,1300
1999-04-20Z,0.0,100.0,CJ,1300
1999-04-21Z,1.4,100.0,CJ,1300
1999-04-22Z,4.8,100.0,CJ,1300
1999-04-23Z,6.8,100.0,CJ,1300
1999-04-24Z,0.0,100.0,CJ,1300
1999-04-25Z,6.4,100.0,CJ,1300
1999-04-26Z,6.4,100.0,CJ,1300
1999-04-27Z,2.2,100.0,CJ,1300
1999-04-28Z,3.8,100.0,CJ,1300
1999-04-29Z,1.0,100.0,CJ,1300
1999-04-30Z,0.0,100.0,CJ,1300
1999-04-01Z,0.0,100.0,CK,1300
1999-04-02Z,0.0,100.0,CK,1300
1999-04-03Z,0.0,100.0,CK,1300
1999-04-04Z,0.0,100.0,CK,1300
1999-04-05Z,0.0,100.0,CK,1300
1999-04-06Z,0.0,100.0,CK,1300
1999-04-07Z,0.8,100.0,CK,1300
1999-04-08Z,0.0,100.0,CK,1300
1999-04-09Z,0.0,100.0,CK,1300
1999-04-10Z,0.0,100.0,CK,1300
1999-04-11Z,4.2,100.0,CK,1300
1999-04-12Z,0.6,100.0,CK,1300
1999-04-13Z,0.0,100.0,CK,1300
1999-04-14Z,0.0,100.0,CK,1300
1999-04-15Z,13.2,100.0,CK,1300
1999-04-16Z,0.2,100.0,CK,1300
1999-04-17Z,0.0,100.0,CK,1300
1999-04-18Z,0.0,100.0,CK,1300
1999-04-19Z,0.0,100.0,CK,1300
1999-04-20Z,0.0,100.0,CK,1300
1999-04-21Z,0.0,100.0,CK,1300
1999-04-22Z,0.0,100.0,CK,1300
1999-04-23Z,4.6,100.0,CK,1300
1999-04-24Z,0.0,100.0,CK,1300
1999-04-25Z,0.0,100.0,CK,1300
1999-04-26Z,0.6,100.0,CK,1300
1999-04-27Z,0.2,100.0,CK,1300
1999-04-28Z,6.4,100.0,CK,1300
1999-04-29Z,0.6,100.0,CK,1300
1999-04-30Z,0.0,100.0,CK,1300
1999-04-01Z,0.0,100.0,CL,1300
1999-04-02Z,0.0,100.0,CL,1300
1999-04-03Z,0.0,100.0,CL,1300
1999-04-04Z,0.0,100.0,CL,1300
1999-04-05Z,0.0,100.0,CL,1300
1999-04-06Z,0.0,100.0,CL,1300
1999-04-07Z,0.4,100.0,CL,1300
1999-04-08Z,0.0,100.0,CL,1300
1999-04-09Z,0.0,100.0,CL,1300
1999-04-10Z,0.0,100.0,CL,1300
1999-04-11Z,0.0,100.0,CL,1300
1999-04-12Z,0.0,100.0,CL,1300
1999-04-13Z,0.0,100.0,CL,1300
1999-04-14Z,0.0,100.0,CL,1300
1999-04-15Z,20.2,100.0,CL,1300
1999-04-16Z,0.4,100.0,CL,1300
1999-04-17Z,0.0,100.0,CL,1300
1999-04-18Z,0.0,100.0,CL,1300
1999-04-19Z,0.0,100.0,CL,1300
1999-04-20Z,0.0,100.0,CL,1300
1999-04-21Z,0.0,100.0,CL,1300
1999-04-22Z,0.2,100.0,CL,1300
1999-04-23Z,0.0,100.0,CL,1300
1999-04-24Z,0.0,100.0,CL,1300
1999-04-25Z,0.2,100.0,CL,1300
1999-04-26Z,7.2,100.0,CL,1300
1999-04-27Z,1.0,100.0,CL,1300
1999-04-28Z,9.0,100.0,CL,1300
1999-04-29Z,1.0,100.0,CL,1300
1999-04-30Z,0.0,100.0,CL,1300
1999-04-01Z,0.0,100.0,CM,1300
1999-04-02Z,0.0,100.0,CM,1300
1999-04-03Z,0.0,100.0,CM,1300
1999-04-04Z,0.0,100.0,CM,1300
1999-04-05Z,0.0,100.0,CM,1300
1999-04-06Z,0.0,100.0,CM,1300
1999-04-07Z,0.0,100.0,CM,1300
1999-04-08Z,0.0,100.0,CM,1300
1999-04-09Z,0.0,100.0,CM,1300
1999-04-10Z,0.0,100.0,CM,1300
1999-04-11Z,4.8,100.0,CM,1300
1999-04-12Z,0.2,100.0,CM,1300
1999-04-13Z,0.0,100.0,CM,1300
1999-04-14Z,0.0,100.0,CM,1300
1999-04-15Z,9.4,100.0,CM,1300
1999-04-16Z,0.8,100.0,CM,1300
1999-04-17Z,0.0,100.0,CM,1300
1999-04-18Z,0.0,100.0,CM,1300
1999-04-19Z,0.0,100.0,CM,1300
1999-04-20Z,0.0,100.0,CM,1300
1999-04-21Z,0.0,100.0,CM,1300
1999-04-22Z,0.0,100.0,CM,1300
1999-04-23Z,0.0,100.0,CM,1300
1999-04-24Z,0.0,100.0,CM,1300
1999-04-25Z,0.0,100.0,CM,1300
1999-04-26Z,0.6,100.0,CM,1300
1999-04-27Z,0.0,100.0,CM,1300
1999-04-28Z,2.6,100.0,CM,1300
1999-04-29Z,0.2,100.0,CM,1300
1999-04-30Z,0.0,100.0,CM,1300
1999-04-01Z,0.0,100.0,CN,1300
1999-04-02Z,0.0,100.0,CN,1300
1999-04-03Z,0.0,100.0,CN,1300
1999-04-04Z,0.0,100.0,CN,1300
1999-04-05Z,0.0,100.0,CN,1300
1999-04-06Z,0.0,100.0,CN,1300
1999-04-07Z,0.0,100.0,CN,1300
1999-04-08Z,0.0,100.0,CN,1300
1999-04-09Z,0.0,100.0,CN,1300
1999-04-10Z,0.0,100.0,CN,1300
1999-04-11Z,0.0,100.0,CN,1300
1999-04-12Z,0.0,100.0,CN,1300
1999-04-13Z,0.0,100.0,CN,1300
1999-04-14Z,0.0,100.0,CN,1300
1999-04-15Z,20.4,100.0,CN,1300
1999-04-16Z,0.2,100.0,CN,1300
1999-04-17Z,0.0,100.0,CN,1300
1999-04-18Z,0.0,100.0,CN,1300
1999-04-19Z,0.0,100.0,CN,1300
1999-04-20Z,0.0,100.0,CN,1300
1999-04-21Z,0.0,100.0,CN,1300
1999-04-22Z,2.6,100.0,CN,1300
1999-04-23Z,0.0,100.0,CN,1300
1999-04-24Z,0.0,100.0,CN,1300
1999-04-25Z,3.0,100.0,CN,1300
1999-04-26Z,8.4,100.0,CN,1300
1999-04-27Z,5.2,100.0,CN,1300
1999-04-28Z,0.6,100.0,CN,1300
1999-04-29Z,5.0,100.0,CN,1300
1999-04-30Z,0.0,100.0,CN,1300
1999-04-01Z,0.2,100.0,CO,1300
1999-04-02Z,0.0,100.0,CO,1300
1999-04-03Z,0.0,100.0,CO,1300
1999-04-04Z,0.0,100.0,CO,1300
1999-04-05Z,0.0,100.0,CO,1300
1999-04-06Z,0.0,100.0,CO,1300
1999-04-07Z,0.0,100.0,CO,1300
1999-04-08Z,0.0,100.0,CO,1300
1999-04-09Z,0.0,100.0,CO,1300
1999-04-10Z,0.0,100.0,CO,1300
1999-04-11Z,0.0,100.0,CO,1300
1999-04-12Z,0.2,100.0,CO,1300
1999-04-13Z,0.0,100.0,CO,1300
1999-04-14Z,0.0,100.0,CO,1300
1999-04-15Z,0.6,100.0,CO,1300
1999-04-16Z,3.8,100.0,CO,1300
1999-04-17Z,0.2,100.0,CO,1300
1999-04-18Z,0.0,100.0,CO,1300
1999-04-19Z,0.0,100.0,CO,1300
1999-04-21Z,1.2,100.0,CO,1300
1999-04-22Z,0.0,100.0,CO,1300
1999-04-23Z,0.0,100.0,CO,1300
1999-04-24Z,0.0,100.0,CO,1300
1999-04-25Z,0.8,100.0,CO,1300
1999-04-26Z,0.0,100.0,CO,1300
1999-04-27Z,0.4,100.0,CO,1300
1999-04-28Z,5.8,100.0,CO,1300
1999-04-29Z,37.6,100.0,CO,1300
1999-04-30Z,0.0,100.0,CO,1300
1999-04-01Z,0.0,100.0,CP,1300
1999-04-02Z,0.0,100.0,CP,1300
1999-04-03Z,0.0,100.0,CP,1300
1999-04-04Z,0.0,100.0,CP,1300
1999-04-05Z,0.0,100.0,CP,1300
1999-04-06Z,0.0,100.0,CP,1300
1999-04-07Z,0.0,100.0,CP,1300
1999-04-08Z,0.0,100.0,CP,1300
1999-04-09Z,0.0,100.0,CP,1300
1999-04-10Z,0.0,100.0,CP,1300
1999-04-11Z,0.0,100.0,CP,1300
1999-04-12Z,0.0,100.0,CP,1300
1999-04-13Z,0.0,100.0,CP,1300
1999-04-14Z,0.0,100.0,CP,1300
1999-04-15Z,11.8,100.0,CP,1300
1999-04-16Z,2.4,100.0,CP,1300
1999-04-17Z,3.0,100.0,CP,1300
1999-04-18Z,0.0,100.0,CP,1300
1999-04-19Z,0.0,100.0,CP,1300
1999-04-20Z,0.0,100.0,CP,1300
1999-04-21Z,2.0,100.0,CP,1300
1999-04-22Z,4.2,100.0,CP,1300
1999-04-23Z,3.2,100.0,CP,1300
1999-04-24Z,0.0,100.0,CP,1300
1999-04-25Z,3.4,100.0,CP,1300
1999-04-26Z,0.2,100.0,CP,1300
1999-04-27Z,3.4,100.0,CP,1300
1999-04-28Z,7.6,100.0,CP,1300
1999-04-29Z,0.2,100.0,CP,1300
1999-04-30Z,0.0,100.0,CP,1300
1999-04-01Z,0.0,100.0,CQ,1300
1999-04-02Z,0.0,100.0,CQ,1300
1999-04-03Z,0.0,100.0,CQ,1300
1999-04-04Z,0.0,100.0,CQ,1300
1999-04-05Z,0.0,100.0,CQ,1300
1999-04-06Z,0.0,100.0,CQ,1300
1999-04-07Z,0.0,100.0,CQ,1300
1999-04-08Z,0.0,100.0,CQ,1300
1999-04-09Z,0.0,100.0,CQ,1300
1999-04-10Z,0.0,100.0,CQ,1300
1999-04-11Z,0.0,100.0,CQ,1300
1999-04-12Z,0.0,100.0,CQ,1300
1999-04-13Z,0.0,100.0,CQ,1300
1999-04-14Z,0.0,100.0,CQ,1300
1999-04-15Z,15.8,100.0,CQ,1300
1999-04-16Z,4.4,100.0,CQ,1300
1999-04-17Z,0.4,100.0,CQ,1300
1999-04-18Z,0.0,100.0,CQ,1300
1999-04-19Z,0.0,100.0,CQ,1300
1999-04-20Z,0.0,100.0,CQ,1300
1999-04-21Z,1.8,100.0,CQ,1300
1999-04-22Z,1.8,100.0,CQ,1300
1999-04-23Z,3.4,100.0,CQ,1300
1999-04-24Z,0.0,100.0,CQ,1300
1999-04-25Z,6.6,100.0,CQ,1300
1999-04-26Z,1.2,100.0,CQ,1300
1999-04-27Z,4.2,100.0,CQ,1300
1999-04-28Z,9.6,100.0,CQ,1300
1999-04-29Z,0.2,100.0,CQ,1300
1999-04-30Z,0.0,100.0,CQ,1300
1999-04-01Z,0.0,100.0,CR,1300
1999-04-02Z,0.0,100.0,CR,1300
1999-04-03Z,0.0,100.0,CR,1300
1999-04-04Z,0.0,100.0,CR,1300
1999-04-05Z,0.0,100.0,CR,1300
1999-04-06Z,0.0,100.0,CR,1300
1999-04-07Z,0.0,100.0,CR,1300
1999-04-08Z,0.0,100.0,CR,1300
1999-04-09Z,0.0,100.0,CR,1300
1999-04-10Z,0.0,100.0,CR,1300
1999-04-11Z,0.0,100.0,CR,1300
1999-04-12Z,0.2,100.0,CR,1300
1999-04-13Z,0.0,100.0,CR,1300
1999-04-14Z,0.0,100.0,CR,1300
1999-04-15Z,33.6,100.0,CR,1300
1999-04-16Z,1.2,100.0,CR,1300
1999-04-17Z,1.4,100.0,CR,1300
1999-04-18Z,0.0,100.0,CR,1300
1999-04-19Z,0.0,100.0,CR,1300
1999-04-20Z,0.0,100.0,CR,1300
1999-04-21Z,0.0,100.0,CR,1300
1999-04-22Z,4.4,100.0,CR,1300
1999-04-23Z,0.8,100.0,CR,1300
1999-04-24Z,0.0,100.0,CR,1300
1999-04-25Z,3.2,100.0,CR,1300
1999-04-26Z,10.6,100.0,CR,1300
1999-04-27Z,3.2,100.0,CR,1300
1999-04-28Z,1.0,100.0,CR,1300
1999-04-29Z,4.4,100.0,CR,1300
1999-04-30Z,0.0,100.0,CR,1300
1999-04-01Z,0.0,100.0,CT,1300
1999-04-02Z,0.0,100.0,CT,1300
1999-04-03Z,0.0,100.0,CT,1300
1999-04-04Z,0.0,100.0,CT,1300
1999-04-05Z,0.0,100.0,CT,1300
1999-04-06Z,0.0,100.0,CT,1300
1999-04-07Z,0.2,100.0,CT,1300
1999-04-08Z,0.0,100.0,CT,1300
1999-04-09Z,0.0,100.0,CT,1300
1999-04-10Z,0.0,100.0,CT,1300
1999-04-11Z,0.0,100.0,CT,1300
1999-04-12Z,0.0,100.0,CT,1300
1999-04-13Z,0.0,100.0,CT,1300
1999-04-14Z,1.0,100.0,CT,1300
1999-04-15Z,15.6,100.0,CT,1300
1999-04-16Z,5.0,100.0,CT,1300
1999-04-17Z,0.6,100.0,CT,1300
1999-04-18Z,0.0,100.0,CT,1300
1999-04-19Z,0.0,100.0,CT,1300
1999-04-20Z,0.8,100.0,CT,1300
1999-04-21Z,6.0,100.0,CT,1300
1999-04-22Z,7.8,100.0,CT,1300
1999-04-23Z,4.4,100.0,CT,1300
1999-04-24Z,0.0,100.0,CT,1300
1999-04-25Z,10.4,100.0,CT,1300
1999-04-26Z,0.2,100.0,CT,1300
1999-04-27Z,4.8,100.0,CT,1300
1999-04-28Z,17.2,100.0,CT,1300
1999-04-29Z,0.6,100.0,CT,1300
1999-04-30Z,0.0,100.0,CT,1300
1999-04-01Z,0.0,100.0,CU,1300
1999-04-02Z,0.0,100.0,CU,1300
1999-04-03Z,1.0,100.0,CU,1300
1999-04-04Z,0.0,100.0,CU,1300
1999-04-05Z,0.0,100.0,CU,1300
1999-04-06Z,0.0,100.0,CU,1300
1999-04-07Z,0.8,100.0,CU,1300
1999-04-08Z,10.6,100.0,CU,1300
1999-04-09Z,0.2,100.0,CU,1300
1999-04-10Z,0.0,100.0,CU,1300
1999-04-11Z,1.0,100.0,CU,1300
1999-04-12Z,1.8,100.0,CU,1300
1999-04-13Z,0.4,100.0,CU,1300
1999-04-14Z,3.0,100.0,CU,1300
1999-04-15Z,20.4,100.0,CU,1300
1999-04-16Z,0.8,100.0,CU,1300
1999-04-17Z,1.6,100.0,CU,1300
1999-04-18Z,0.6,100.0,CU,1300
1999-04-19Z,0.0,100.0,CU,1300
1999-04-20Z,0.4,100.0,CU,1300
1999-04-21Z,2.2,100.0,CU,1300
1999-04-22Z,4.2,100.0,CU,1300
1999-04-23Z,3.8,100.0,CU,1300
1999-04-24Z,0.0,100.0,CU,1300
1999-04-25Z,13.4,100.0,CU,1300
1999-04-26Z,0.8,100.0,CU,1300
1999-04-27Z,0.2,100.0,CU,1300
1999-04-28Z,4.2,100.0,CU,1300
1999-04-29Z,3.6,100.0,CU,1300
1999-04-30Z,0.0,100.0,CU,1300
1999-04-01Z,1.6,100.0,CV,1300
1999-04-02Z,0.0,100.0,CV,1300
1999-04-03Z,0.0,100.0,CV,1300
1999-04-04Z,0.0,100.0,CV,1300
1999-04-05Z,0.0,100.0,CV,1300
1999-04-06Z,0.0,100.0,CV,1300
1999-04-07Z,0.4,100.0,CV,1300
1999-04-08Z,0.0,100.0,CV,1300
1999-04-09Z,0.0,100.0,CV,1300
1999-04-10Z,0.0,100.0,CV,1300
1999-04-11Z,0.0,100.0,CV,1300
1999-04-12Z,0.0,100.0,CV,1300
1999-04-13Z,0.0,100.0,CV,1300
1999-04-14Z,0.0,100.0,CV,1300
1999-04-15Z,10.8,100.0,CV,1300
1999-04-16Z,4.0,100.0,CV,1300
1999-04-17Z,0.2,100.0,CV,1300
1999-04-18Z,0.0,100.0,CV,1300
1999-04-19Z,0.0,100.0,CV,1300
1999-04-20Z,0.0,100.0,CV,1300
1999-04-21Z,0.6,100.0,CV,1300
1999-04-22Z,5.0,100.0,CV,1300
1999-04-23Z,2.6,100.0,CV,1300
1999-04-24Z,0.0,100.0,CV,1300
1999-04-25Z,2.0,100.0,CV,1300
1999-04-26Z,4.4,100.0,CV,1300
1999-04-27Z,2.2,100.0,CV,1300
1999-04-28Z,8.6,100.0,CV,1300
1999-04-29Z,0.4,100.0,CV,1300
1999-04-30Z,0.0,100.0,CV,1300
1999-04-01Z,0.0,100.0,CW,1300
1999-04-02Z,0.0,100.0,CW,1300
1999-04-03Z,0.0,100.0,CW,1300
1999-04-04Z,0.0,100.0,CW,1300
1999-04-05Z,0.0,100.0,CW,1300
1999-04-06Z,0.0,100.0,CW,1300
1999-04-07Z,0.0,100.0,CW,1300
1999-04-08Z,0.0,100.0,CW,1300
1999-04-09Z,0.0,100.0,CW,1300
1999-04-10Z,0.0,100.0,CW,1300
1999-04-11Z,0.0,100.0,CW,1300
1999-04-12Z,0.0,100.0,CW,1300
1999-04-13Z,0.0,100.0,CW,1300
1999-04-14Z,0.0,100.0,CW,1300
1999-04-15Z,21.0,100.0,CW,1300
1999-04-16Z,0.6,100.0,CW,1300
1999-04-17Z,0.0,100.0,CW,1300
1999-04-18Z,0.0,100.0,CW,1300
1999-04-19Z,0.0,100.0,CW,1300
1999-04-20Z,1.0,100.0,CW,1300
1999-04-21Z,0.0,100.0,CW,1300
1999-04-22Z,0.0,100.0,CW,1300
1999-04-23Z,1.6,100.0,CW,1300
1999-04-24Z,0.0,100.0,CW,1300
1999-04-25Z,3.0,100.0,CW,1300
1999-04-26Z,0.2,100.0,CW,1300
1999-04-27Z,2.4,100.0,CW,1300
1999-04-28Z,15.6,100.0,CW,1300
1999-04-29Z,0.2,100.0,CW,1300
1999-04-30Z,0.2,100.0,CW,1300
1999-04-01Z,0.0,100.0,CX,1300
1999-04-02Z,0.0,100.0,CX,1300
1999-04-03Z,0.0,100.0,CX,1300
1999-04-04Z,0.0,100.0,CX,1300
1999-04-05Z,0.0,100.0,CX,1300
1999-04-06Z,0.0,100.0,CX,1300
1999-04-07Z,0.0,100.0,CX,1300
1999-04-08Z,0.0,100.0,CX,1300
1999-04-09Z,0.0,100.0,CX,1300
1999-04-10Z,0.0,100.0,CX,1300
1999-04-11Z,0.6,100.0,CX,1300
1999-04-12Z,0.6,100.0,CX,1300
1999-04-13Z,0.0,100.0,CX,1300
1999-04-14Z,0.0,100.0,CX,1300
1999-04-15Z,23.8,100.0,CX,1300
1999-04-16Z,0.6,100.0,CX,1300
1999-04-17Z,4.2,100.0,CX,1300
1999-04-18Z,0.0,100.0,CX,1300
1999-04-19Z,0.0,100.0,CX,1300
1999-04-20Z,0.0,100.0,CX,1300
1999-04-21Z,0.0,100.0,CX,1300
1999-04-22Z,0.8,100.0,CX,1300
1999-04-23Z,0.0,100.0,CX,1300
1999-04-24Z,0.0,100.0,CX,1300
1999-04-25Z,0.6,100.0,CX,1300
1999-04-26Z,4.8,100.0,CX,1300
1999-04-27Z,1.8,100.0,CX,1300
1999-04-28Z,2.2,100.0,CX,1300
1999-04-29Z,1.0,100.0,CX,1300
1999-04-30Z,0.0,100.0,CX,1300
1999-04-01Z,0.0,100.0,CY,1300
1999-04-02Z,0.0,100.0,CY,1300
1999-04-03Z,0.0,100.0,CY,1300
1999-04-04Z,0.0,100.0,CY,1300
1999-04-05Z,0.0,100.0,CY,1300
1999-04-06Z,0.0,100.0,CY,1300
1999-04-07Z,1.4,100.0,CY,1300
1999-04-08Z,0.0,100.0,CY,1300
1999-04-09Z,0.0,100.0,CY,1300
1999-04-10Z,0.0,100.0,CY,1300
1999-04-11Z,5.8,100.0,CY,1300
1999-04-12Z,0.2,100.0,CY,1300
1999-04-13Z,0.0,100.0,CY,1300
1999-04-14Z,0.0,100.0,CY,1300
1999-04-15Z,26.4,100.0,CY,1300
1999-04-16Z,1.0,100.0,CY,1300
1999-04-17Z,0.2,100.0,CY,1300
1999-04-18Z,0.0,100.0,CY,1300
1999-04-19Z,0.0,100.0,CY,1300
1999-04-20Z,0.0,100.0,CY,1300
1999-04-21Z,0.0,100.0,CY,1300
1999-04-22Z,1.0,100.0,CY,1300
1999-04-23Z,0.2,100.0,CY,1300
1999-04-24Z,0.0,100.0,CY,1300
1999-04-25Z,1.0,100.0,CY,1300
1999-04-27Z,0.4,100.0,CY,1300
1999-04-28Z,5.2,100.0,CY,1300
1999-04-29Z,1.6,100.0,CY,1300
1999-04-30Z,0.0,100.0,CY,1300
1999-04-01Z,0.0,100.0,CZ,1300
1999-04-02Z,0.0,100.0,CZ,1300
1999-04-03Z,0.0,100.0,CZ,1300
1999-04-04Z,0.0,100.0,CZ,1300
1999-04-05Z,0.0,100.0,CZ,1300
1999-04-06Z,0.0,100.0,CZ,1300
1999-04-07Z,0.0,100.0,CZ,1300
1999-04-08Z,0.0,100.0,CZ,1300
1999-04-09Z,0.0,100.0,CZ,1300
1999-04-10Z,0.0,100.0,CZ,1300
1999-04-11Z,0.0,100.0,CZ,1300
1999-04-12Z,0.4,100.0,CZ,1300
1999-04-13Z,0.0,100.0,CZ,1300
1999-04-14Z,0.0,100.0,CZ,1300
1999-04-15Z,11.2,100.0,CZ,1300
1999-04-16Z,4.2,100.0,CZ,1300
1999-04-17Z,0.6,100.0,CZ,1300
1999-04-18Z,0.0,100.0,CZ,1300
1999-04-19Z,0.0,95.8,CZ,1300
1999-04-20Z,0.0,100.0,CZ,1300
1999-04-21Z,0.2,100.0,CZ,1300
1999-04-22Z,0.0,100.0,CZ,1300
1999-04-23Z,0.8,100.0,CZ,1300
1999-04-24Z,0.0,100.0,CZ,1300
1999-04-25Z,6.2,100.0,CZ,1300
1999-04-26Z,0.0,100.0,CZ,1300
1999-04-27Z,9.2,100.0,CZ,1300
1999-04-28Z,14.6,100.0,CZ,1300
1999-04-29Z,4.0,100.0,CZ,1300
1999-04-30Z,0.0,100.0,CZ,1300
1999-04-01Z,0.0,100.0,D1,1300
1999-04-02Z,0.0,100.0,D1,1300
1999-04-03Z,0.0,100.0,D1,1300
1999-04-04Z,0.0,100.0,D1,1300
1999-04-05Z,0.0,100.0,D1,1300
1999-04-06Z,0.0,100.0,D1,1300
1999-04-07Z,0.0,100.0,D1,1300
1999-04-08Z,0.0,100.0,D1,1300
1999-04-09Z,0.0,100.0,D1,1300
1999-04-10Z,0.0,100.0,D1,1300
1999-04-11Z,0.0,100.0,D1,1300
1999-04-12Z,0.4,100.0,D1,1300
1999-04-13Z,0.0,100.0,D1,1300
1999-04-14Z,0.0,100.0,D1,1300
1999-04-15Z,10.0,100.0,D1,1300
1999-04-16Z,4.4,100.0,D1,1300
1999-04-17Z,1.0,100.0,D1,1300
1999-04-18Z,0.0,100.0,D1,1300
1999-04-26Z,0.0,97.9,D1,1300
1999-04-27Z,13.4,100.0,D1,1300
1999-04-28Z,19.0,100.0,D1,1300
1999-04-29Z,0.2,100.0,D1,1300
1999-04-30Z,0.4,100.0,D1,1300
1999-04-01Z,0.0,100.0,D2,1300
1999-04-02Z,0.0,100.0,D2,1300
1999-04-03Z,0.0,100.0,D2,1300
1999-04-04Z,0.0,100.0,D2,1300
1999-04-05Z,0.0,100.0,D2,1300
1999-04-06Z,0.0,100.0,D2,1300
1999-04-07Z,0.6,100.0,D2,1300
1999-04-08Z,0.0,100.0,D2,1300
1999-04-09Z,0.0,100.0,D2,1300
1999-04-10Z,0.0,100.0,D2,1300
1999-04-11Z,0.0,100.0,D2,1300
1999-04-12Z,0.0,100.0,D2,1300
1999-04-13Z,0.0,100.0,D2,1300
1999-04-14Z,0.0,100.0,D2,1300
1999-04-15Z,30.4,100.0,D2,1300
1999-04-16Z,0.8,100.0,D2,1300
1999-04-17Z,0.0,100.0,D2,1300
1999-04-18Z,0.0,100.0,D2,1300
1999-04-19Z,0.0,100.0,D2,1300
1999-04-20Z,0.0,100.0,D2,1300
1999-04-21Z,0.0,100.0,D2,1300
1999-04-22Z,0.0,100.0,D2,1300
1999-04-23Z,0.4,100.0,D2,1300
1999-04-24Z,0.0,100.0,D2,1300
1999-04-25Z,0.0,100.0,D2,1300
1999-04-26Z,3.2,100.0,D2,1300
1999-04-27Z,0.2,100.0,D2,1300
1999-04-28Z,3.8,100.0,D2,1300
1999-04-29Z,1.4,100.0,D2,1300
1999-04-30Z,0.0,100.0,D2,1300
1999-04-01Z,0.0,100.0,D3,1300
1999-04-02Z,0.0,100.0,D3,1300
1999-04-03Z,0.0,100.0,D3,1300
1999-04-04Z,0.0,100.0,D3,1300
1999-04-05Z,0.0,100.0,D3,1300
1999-04-06Z,0.0,100.0,D3,1300
1999-04-07Z,0.0,100.0,D3,1300
1999-04-08Z,0.0,100.0,D3,1300
1999-04-09Z,0.0,100.0,D3,1300
1999-04-10Z,0.0,100.0,D3,1300
1999-04-11Z,0.0,100.0,D3,1300
1999-04-12Z,0.0,100.0,D3,1300
1999-04-13Z,0.0,100.0,D3,1300
1999-04-14Z,0.0,100.0,D3,1300
1999-04-15Z,20.4,100.0,D3,1300
1999-04-16Z,2.2,100.0,D3,1300
1999-04-17Z,0.0,100.0,D3,1300
1999-04-18Z,0.0,100.0,D3,1300
1999-04-19Z,0.0,100.0,D3,1300
1999-04-20Z,0.0,100.0,D3,1300
1999-04-21Z,0.0,100.0,D3,1300
1999-04-22Z,0.0,100.0,D3,1300
1999-04-23Z,0.6,100.0,D3,1300
1999-04-24Z,0.0,100.0,D3,1300
1999-04-25Z,0.0,100.0,D3,1300
1999-04-26Z,0.0,100.0,D3,1300
1999-04-27Z,0.0,100.0,D3,1300
1999-04-28Z,15.2,100.0,D3,1300
1999-04-29Z,0.0,100.0,D3,1300
1999-04-30Z,0.0,100.0,D3,1300
1999-04-01Z,0.0,100.0,D4,1300
1999-04-02Z,0.0,100.0,D4,1300
1999-04-03Z,0.0,100.0,D4,1300
1999-04-04Z,0.0,100.0,D4,1300
1999-04-05Z,0.0,100.0,D4,1300
1999-04-06Z,0.0,100.0,D4,1300
1999-04-07Z,2.6,100.0,D4,1300
1999-04-08Z,0.0,100.0,D4,1300
1999-04-09Z,0.0,100.0,D4,1300
1999-04-10Z,0.0,100.0,D4,1300
1999-04-11Z,0.0,100.0,D4,1300
1999-04-12Z,0.0,100.0,D4,1300
1999-04-13Z,0.0,100.0,D4,1300
1999-04-14Z,0.0,100.0,D4,1300
1999-04-15Z,0.0,100.0,D4,1300
1999-04-16Z,0.0,100.0,D4,1300
1999-04-17Z,0.2,100.0,D4,1300
1999-04-18Z,0.0,100.0,D4,1300
1999-04-19Z,0.0,100.0,D4,1300
1999-04-20Z,0.0,100.0,D4,1300
1999-04-21Z,0.0,100.0,D4,1300
1999-04-22Z,0.0,100.0,D4,1300
1999-04-23Z,6.2,100.0,D4,1300
1999-04-24Z,0.0,100.0,D4,1300
1999-04-25Z,0.0,100.0,D4,1300
1999-04-26Z,23.2,100.0,D4,1300
1999-04-27Z,9.4,100.0,D4,1300
1999-04-28Z,2.2,100.0,D4,1300
1999-04-29Z,0.0,100.0,D4,1300
1999-04-30Z,0.0,100.0,D4,1300
1999-04-01Z,0.0,100.0,D5,1300
1999-04-02Z,0.0,100.0,D5,1300
1999-04-03Z,0.0,100.0,D5,1300
1999-04-04Z,0.0,100.0,D5,1300
1999-04-05Z,0.0,100.0,D5,1300
1999-04-06Z,0.0,100.0,D5,1300
1999-04-07Z,0.0,100.0,D5,1300
1999-04-08Z,0.0,100.0,D5,1300
1999-04-09Z,0.0,100.0,D5,1300
1999-04-10Z,0.0,100.0,D5,1300
1999-04-11Z,0.2,100.0,D5,1300
1999-04-12Z,0.2,100.0,D5,1300
1999-04-13Z,0.0,100.0,D5,1300
1999-04-14Z,0.2,100.0,D5,1300
1999-04-15Z,13.4,100.0,D5,1300
1999-04-16Z,1.0,100.0,D5,1300
1999-04-17Z,0.0,100.0,D5,1300
1999-04-18Z,0.0,100.0,D5,1300
1999-04-19Z,0.0,100.0,D5,1300
1999-04-20Z,0.0,100.0,D5,1300
1999-04-21Z,0.0,100.0,D5,1300
1999-04-22Z,0.0,100.0,D5,1300
1999-04-23Z,1.0,100.0,D5,1300
1999-04-24Z,0.2,100.0,D5,1300
1999-04-25Z,0.0,100.0,D5,1300
1999-04-26Z,0.4,100.0,D5,1300
1999-04-27Z,0.0,100.0,D5,1300
1999-04-28Z,8.4,100.0,D5,1300
1999-04-29Z,0.0,100.0,D5,1300
1999-04-30Z,0.0,100.0,D5,1300
1999-04-01Z,0.0,100.0,D6,1300
1999-04-02Z,0.0,100.0,D6,1300
1999-04-03Z,0.0,100.0,D6,1300
1999-04-04Z,0.0,100.0,D6,1300
1999-04-05Z,0.0,100.0,D6,1300
1999-04-06Z,0.0,100.0,D6,1300
1999-04-07Z,0.2,100.0,D6,1300
1999-04-08Z,0.2,100.0,D6,1300
1999-04-09Z,0.0,100.0,D6,1300
1999-04-10Z,0.0,100.0,D6,1300
1999-04-11Z,0.0,100.0,D6,1300
1999-04-12Z,0.0,100.0,D6,1300
1999-04-13Z,0.0,100.0,D6,1300
1999-04-14Z,0.0,100.0,D6,1300
1999-04-15Z,0.0,100.0,D6,1300
1999-04-16Z,0.0,100.0,D6,1300
1999-04-17Z,0.0,100.0,D6,1300
1999-04-18Z,0.0,100.0,D6,1300
1999-04-19Z,0.0,100.0,D6,1300
1999-04-20Z,0.0,100.0,D6,1300
1999-04-21Z,0.0,100.0,D6,1300
1999-04-22Z,0.0,100.0,D6,1300
1999-04-23Z,1.8,100.0,D6,1300
1999-04-24Z,0.0,100.0,D6,1300
1999-04-25Z,0.0,100.0,D6,1300
1999-04-26Z,11.2,100.0,D6,1300
1999-04-27Z,2.0,100.0,D6,1300
1999-04-28Z,0.6,100.0,D6,1300
1999-04-29Z,0.0,100.0,D6,1300
1999-04-30Z,0.0,100.0,D6,1300
1999-04-01Z,0.2,100.0,D7,1300
1999-04-02Z,0.0,100.0,D7,1300
1999-04-03Z,0.0,100.0,D7,1300
1999-04-04Z,0.0,100.0,D7,1300
1999-04-05Z,0.0,100.0,D7,1300
1999-04-06Z,0.0,100.0,D7,1300
1999-04-07Z,0.0,100.0,D7,1300
1999-04-08Z,0.0,100.0,D7,1300
1999-04-09Z,0.0,100.0,D7,1300
1999-04-10Z,0.0,100.0,D7,1300
1999-04-11Z,0.0,100.0,D7,1300
1999-04-12Z,0.0,100.0,D7,1300
1999-04-13Z,0.0,100.0,D7,1300
1999-04-14Z,0.0,100.0,D7,1300
1999-04-15Z,0.6,100.0,D7,1300
1999-04-16Z,1.4,100.0,D7,1300
1999-04-17Z,0.2,100.0,D7,1300
1999-04-18Z,0.0,100.0,D7,1300
1999-04-19Z,0.0,100.0,D7,1300
1999-04-20Z,0.0,100.0,D7,1300
1999-04-21Z,0.0,100.0,D7,1300
1999-04-22Z,0.0,100.0,D7,1300
1999-04-23Z,2.0,100.0,D7,1300
1999-04-24Z,0.0,100.0,D7,1300
1999-04-25Z,3.4,100.0,D7,1300
1999-04-26Z,0.2,100.0,D7,1300
1999-04-27Z,6.2,100.0,D7,1300
1999-04-28Z,11.2,100.0,D7,1300
1999-04-29Z,0.8,100.0,D7,1300
1999-04-30Z,0.0,100.0,D7,1300
1999-04-01Z,1.4,100.0,D8,1300
1999-04-02Z,0.0,100.0,D8,1300
1999-04-03Z,0.0,100.0,D8,1300
1999-04-04Z,0.0,100.0,D8,1300
1999-04-05Z,0.0,100.0,D8,1300
1999-04-06Z,0.0,100.0,D8,1300
1999-04-07Z,0.0,100.0,D8,1300
1999-04-08Z,0.0,100.0,D8,1300
1999-04-09Z,0.0,100.0,D8,1300
1999-04-10Z,0.0,100.0,D8,1300
1999-04-11Z,0.0,100.0,D8,1300
1999-04-12Z,0.0,100.0,D8,1300
1999-04-13Z,0.0,100.0,D8,1300
1999-04-14Z,0.0,100.0,D8,1300
1999-04-15Z,0.2,100.0,D8,1300
1999-04-16Z,2.6,100.0,D8,1300
1999-04-17Z,0.0,100.0,D8,1300
1999-04-18Z,0.0,100.0,D8,1300
1999-04-19Z,0.0,100.0,D8,1300
1999-04-20Z,0.0,100.0,D8,1300
1999-04-21Z,0.0,100.0,D8,1300
1999-04-22Z,0.0,100.0,D8,1300
1999-04-23Z,1.0,100.0,D8,1300
1999-04-24Z,0.0,100.0,D8,1300
1999-04-25Z,2.0,100.0,D8,1300
1999-04-26Z,1.0,100.0,D8,1300
1999-04-27Z,2.6,100.0,D8,1300
1999-04-28Z,37.6,100.0,D8,1300
1999-04-29Z,13.2,100.0,D8,1300
1999-04-30Z,0.0,100.0,D8,1300
1999-04-01Z,0.6,100.0,DA,1300
1999-04-02Z,0.0,100.0,DA,1300
1999-04-03Z,0.0,100.0,DA,1300
1999-04-04Z,0.0,100.0,DA,1300
1999-04-05Z,0.0,100.0,DA,1300
1999-04-06Z,0.0,100.0,DA,1300
1999-04-07Z,0.0,100.0,DA,1300
1999-04-08Z,0.0,100.0,DA,1300
1999-04-09Z,0.0,100.0,DA,1300
1999-04-10Z,0.0,100.0,DA,1300
1999-04-11Z,0.0,100.0,DA,1300
1999-04-12Z,0.0,100.0,DA,1300
1999-04-13Z,0.0,100.0,DA,1300
1999-04-14Z,0.0,100.0,DA,1300
1999-04-15Z,9.8,100.0,DA,1300
1999-04-16Z,1.2,100.0,DA,1300
1999-04-17Z,0.0,100.0,DA,1300
1999-04-18Z,0.0,100.0,DA,1300
1999-04-19Z,0.0,100.0,DA,1300
1999-04-20Z,0.0,100.0,DA,1300
1999-04-21Z,0.0,100.0,DA,1300
1999-04-22Z,0.2,100.0,DA,1300
1999-04-23Z,0.0,100.0,DA,1300
1999-04-24Z,0.0,100.0,DA,1300
1999-04-25Z,0.2,100.0,DA,1300
1999-04-26Z,0.0,100.0,DA,1300
1999-04-27Z,0.8,100.0,DA,1300
1999-04-28Z,4.4,100.0,DA,1300
1999-04-29Z,0.0,100.0,DA,1300
1999-04-30Z,0.0,100.0,DA,1300
1999-04-01Z,0.0,100.0,DB,1300
1999-04-02Z,0.0,100.0,DB,1300
1999-04-03Z,0.0,100.0,DB,1300
1999-04-04Z,0.0,100.0,DB,1300
1999-04-05Z,0.0,100.0,DB,1300
1999-04-06Z,0.0,100.0,DB,1300
1999-04-07Z,0.0,100.0,DB,1300
1999-04-08Z,0.0,100.0,DB,1300
1999-04-09Z,0.0,100.0,DB,1300
1999-04-10Z,0.0,100.0,DB,1300
1999-04-11Z,0.0,100.0,DB,1300
1999-04-12Z,0.0,100.0,DB,1300
1999-04-13Z,0.0,100.0,DB,1300
1999-04-14Z,0.0,100.0,DB,1300
1999-04-15Z,12.8,100.0,DB,1300
1999-04-16Z,3.0,100.0,DB,1300
1999-04-17Z,0.0,100.0,DB,1300
1999-04-18Z,0.0,100.0,DB,1300
1999-04-19Z,0.0,100.0,DB,1300
1999-04-20Z,0.0,100.0,DB,1300
1999-04-21Z,0.0,100.0,DB,1300
1999-04-22Z,0.0,100.0,DB,1300
1999-04-23Z,1.0,100.0,DB,1300
1999-04-24Z,0.0,100.0,DB,1300
1999-04-25Z,0.4,100.0,DB,1300
1999-04-26Z,0.8,100.0,DB,1300
1999-04-27Z,18.0,100.0,DB,1300
1999-04-28Z,17.8,100.0,DB,1300
1999-04-29Z,0.0,100.0,DB,1300
1999-04-30Z,0.0,100.0,DB,1300
1999-04-01Z,0.0,100.0,DC,1300
1999-04-02Z,0.0,100.0,DC,1300
1999-04-03Z,0.0,100.0,DC,1300
1999-04-04Z,0.0,100.0,DC,1300
1999-04-05Z,0.0,100.0,DC,1300
1999-04-06Z,0.0,100.0,DC,1300
1999-04-07Z,3.0,100.0,DC,1300
1999-04-08Z,0.0,100.0,DC,1300
1999-04-09Z,0.0,100.0,DC,1300
1999-04-10Z,0.0,100.0,DC,1300
1999-04-11Z,0.2,100.0,DC,1300
1999-04-12Z,1.0,100.0,DC,1300
1999-04-13Z,0.0,100.0,DC,1300
1999-04-14Z,0.0,100.0,DC,1300
1999-04-15Z,18.2,100.0,DC,1300
1999-04-16Z,0.0,100.0,DC,1300
1999-04-17Z,2.2,100.0,DC,1300
1999-04-18Z,0.0,100.0,DC,1300
1999-04-19Z,0.0,100.0,DC,1300
1999-04-20Z,0.0,100.0,DC,1300
1999-04-21Z,0.0,100.0,DC,1300
1999-04-22Z,32.0,100.0,DC,1300
1999-04-23Z,24.6,100.0,DC,1300
1999-04-24Z,0.0,100.0,DC,1300
1999-04-25Z,0.8,100.0,DC,1300
1999-04-26Z,19.6,100.0,DC,1300
1999-04-27Z,0.2,100.0,DC,1300
1999-04-28Z,5.4,100.0,DC,1300
1999-04-29Z,0.2,100.0,DC,1300
1999-04-30Z,0.0,100.0,DC,1300
1999-04-01Z,0.0,100.0,DD,1300
1999-04-02Z,0.0,100.0,DD,1300
1999-04-03Z,0.0,100.0,DD,1300
1999-04-04Z,0.0,100.0,DD,1300
1999-04-05Z,0.0,100.0,DD,1300
1999-04-06Z,0.0,100.0,DD,1300
1999-04-07Z,0.2,100.0,DD,1300
1999-04-08Z,0.0,100.0,DD,1300
1999-04-09Z,0.0,100.0,DD,1300
1999-04-10Z,0.0,100.0,DD,1300
1999-04-11Z,5.4,100.0,DD,1300
1999-04-12Z,0.2,100.0,DD,1300
1999-04-13Z,0.0,100.0,DD,1300
1999-04-14Z,0.0,100.0,DD,1300
1999-04-15Z,9.6,100.0,DD,1300
1999-04-16Z,1.4,100.0,DD,1300
1999-04-17Z,0.0,100.0,DD,1300
1999-04-18Z,0.0,100.0,DD,1300
1999-04-19Z,0.0,100.0,DD,1300
1999-04-20Z,0.0,100.0,DD,1300
1999-04-21Z,0.2,100.0,DD,1300
1999-04-22Z,0.2,100.0,DD,1300
1999-04-23Z,0.0,100.0,DD,1300
1999-04-24Z,0.0,100.0,DD,1300
1999-04-25Z,0.0,100.0,DD,1300
1999-04-26Z,0.6,100.0,DD,1300
1999-04-27Z,0.0,100.0,DD,1300
1999-04-28Z,1.2,100.0,DD,1300
1999-04-29Z,0.0,100.0,DD,1300
1999-04-30Z,0.0,100.0,DD,1300
1999-04-01Z,0.2,100.0,DE,1300
1999-04-02Z,0.0,100.0,DE,1300
1999-04-03Z,0.0,100.0,DE,1300
1999-04-04Z,0.0,100.0,DE,1300
1999-04-05Z,0.0,100.0,DE,1300
1999-04-06Z,0.0,100.0,DE,1300
1999-04-07Z,0.0,100.0,DE,1300
1999-04-08Z,0.0,100.0,DE,1300
1999-04-09Z,0.0,100.0,DE,1300
1999-04-20Z,0.0,100.0,DE,1300
1999-04-21Z,0.0,100.0,DE,1300
1999-04-22Z,0.0,100.0,DE,1300
1999-04-23Z,0.0,100.0,DE,1300
1999-04-24Z,0.0,100.0,DE,1300
1999-04-25Z,0.6,100.0,DE,1300
1999-04-26Z,0.0,100.0,DE,1300
1999-04-27Z,25.2,100.0,DE,1300
1999-04-28Z,15.0,100.0,DE,1300
1999-04-29Z,0.2,100.0,DE,1300
1999-04-30Z,0.0,100.0,DE,1300
1999-04-01Z,0.0,100.0,DF,1300
1999-04-02Z,0.0,100.0,DF,1300
1999-04-03Z,0.0,100.0,DF,1300
1999-04-04Z,0.0,100.0,DF,1300
1999-04-05Z,0.0,100.0,DF,1300
1999-04-06Z,0.0,100.0,DF,1300
1999-04-07Z,11.0,100.0,DF,1300
1999-04-08Z,0.2,100.0,DF,1300
1999-04-09Z,0.0,100.0,DF,1300
1999-04-10Z,0.0,100.0,DF,1300
1999-04-11Z,0.0,100.0,DF,1300
1999-04-12Z,0.0,100.0,DF,1300
1999-04-13Z,0.0,100.0,DF,1300
1999-04-14Z,0.0,100.0,DF,1300
1999-04-15Z,3.2,100.0,DF,1300
1999-04-16Z,0.0,100.0,DF,1300
1999-04-17Z,1.8,100.0,DF,1300
1999-04-18Z,0.0,100.0,DF,1300
1999-04-19Z,0.0,100.0,DF,1300
1999-04-20Z,0.0,100.0,DF,1300
1999-04-21Z,0.0,100.0,DF,1300
1999-04-22Z,0.8,100.0,DF,1300
1999-04-23Z,8.0,100.0,DF,1300
1999-04-24Z,0.2,100.0,DF,1300
1999-04-25Z,0.0,100.0,DF,1300
1999-04-26Z,2.2,100.0,DF,1300
1999-04-27Z,3.0,100.0,DF,1300
1999-04-28Z,2.2,100.0,DF,1300
1999-04-29Z,0.2,100.0,DF,1300
1999-04-30Z,0.0,100.0,DF,1300
1999-04-01Z,0.0,100.0,DG,1300
1999-04-02Z,0.0,100.0,DG,1300
1999-04-03Z,0.0,100.0,DG,1300
1999-04-04Z,0.0,100.0,DG,1300
1999-04-05Z,0.0,100.0,DG,1300
1999-04-06Z,0.0,100.0,DG,1300
1999-04-07Z,1.2,100.0,DG,1300
1999-04-08Z,1.6,100.0,DG,1300
1999-04-09Z,4.6,100.0,DG,1300
1999-04-10Z,0.0,100.0,DG,1300
1999-04-11Z,0.0,100.0,DG,1300
1999-04-12Z,1.4,100.0,DG,1300
1999-04-13Z,0.0,100.0,DG,1300
1999-04-14Z,0.0,100.0,DG,1300
1999-04-15Z,24.2,100.0,DG,1300
1999-04-16Z,10.2,100.0,DG,1300
1999-04-17Z,4.2,100.0,DG,1300
1999-04-18Z,0.0,100.0,DG,1300
1999-04-19Z,0.0,100.0,DG,1300
1999-04-20Z,0.0,100.0,DG,1300
1999-04-21Z,0.4,100.0,DG,1300
1999-04-22Z,4.6,100.0,DG,1300
1999-04-23Z,3.2,100.0,DG,1300
1999-04-24Z,0.0,100.0,DG,1300
1999-04-25Z,3.6,100.0,DG,1300
1999-04-26Z,34.6,100.0,DG,1300
1999-04-27Z,10.4,100.0,DG,1300
1999-04-28Z,1.4,100.0,DG,1300
1999-04-29Z,4.4,100.0,DG,1300
1999-04-30Z,0.0,100.0,DG,1300
1999-04-01Z,0.0,100.0,DH,1300
1999-04-02Z,0.0,100.0,DH,1300
1999-04-03Z,0.0,100.0,DH,1300
1999-04-04Z,0.0,100.0,DH,1300
1999-04-05Z,0.0,100.0,DH,1300
1999-04-06Z,0.0,100.0,DH,1300
1999-04-07Z,0.8,100.0,DH,1300
1999-04-23Z,0.0,100.0,DH,1300
1999-04-24Z,0.0,100.0,DH,1300
1999-04-25Z,0.0,100.0,DH,1300
1999-04-26Z,1.4,100.0,DH,1300
1999-04-27Z,0.0,100.0,DH,1300
1999-04-28Z,2.4,100.0,DH,1300
1999-04-29Z,0.0,100.0,DH,1300
1999-04-30Z,0.0,100.0,DH,1300
1999-04-01Z,0.0,100.0,DI,1300
1999-04-02Z,0.0,100.0,DI,1300
1999-04-03Z,0.0,100.0,DI,1300
1999-04-04Z,0.0,100.0,DI,1300
1999-04-05Z,0.0,100.0,DI,1300
1999-04-06Z,0.0,100.0,DI,1300
1999-04-07Z,0.0,100.0,DI,1300
1999-04-08Z,0.0,100.0,DI,1300
1999-04-09Z,0.0,100.0,DI,1300
1999-04-10Z,0.0,100.0,DI,1300
1999-04-11Z,0.0,100.0,DI,1300
1999-04-12Z,0.0,100.0,DI,1300
1999-04-13Z,0.0,100.0,DI,1300
1999-04-14Z,0.0,100.0,DI,1300
1999-04-15Z,22.4,100.0,DI,1300
1999-04-16Z,0.2,100.0,DI,1300
1999-04-17Z,0.2,100.0,DI,1300
1999-04-18Z,0.0,100.0,DI,1300
1999-04-19Z,0.0,100.0,DI,1300
1999-04-20Z,0.0,100.0,DI,1300
1999-04-21Z,0.0,100.0,DI,1300
1999-04-22Z,0.0,100.0,DI,1300
1999-04-23Z,4.0,100.0,DI,1300
1999-04-24Z,0.0,100.0,DI,1300
1999-04-25Z,0.0,100.0,DI,1300
1999-04-26Z,0.4,100.0,DI,1300
1999-04-27Z,0.0,100.0,DI,1300
1999-04-28Z,2.2,100.0,DI,1300
1999-04-29Z,0.0,100.0,DI,1300
1999-04-30Z,0.0,100.0,DI,1300
1999-04-01Z,0.0,100.0,J5,1300
1999-04-02Z,0.0,100.0,J5,1300
1999-04-03Z,0.0,100.0,J5,1300
1999-04-04Z,0.0,100.0,J5,1300
1999-04-05Z,0.0,100.0,J5,1300
1999-04-06Z,0.0,100.0,J5,1300
1999-04-07Z,1.6,100.0,J5,1300
1999-04-08Z,2.7,100.0,J5,1300
1999-04-09Z,0.1,100.0,J5,1300
1999-04-10Z,0.0,100.0,J5,1300
1999-04-11Z,0.0,100.0,J5,1300
1999-04-12Z,0.8,100.0,J5,1300
1999-04-13Z,0.0,100.0,J5,1300
1999-04-14Z,0.0,100.0,J5,1300
1999-04-15Z,4.7,100.0,J5,1300
1999-04-16Z,0.0,100.0,J5,1300
1999-04-17Z,0.5,100.0,J5,1300
1999-04-18Z,0.1,100.0,J5,1300
1999-04-19Z,0.0,100.0,J5,1300
1999-04-20Z,0.0,100.0,J5,1300
1999-04-21Z,0.0,100.0,J5,1300
1999-04-22Z,0.4,100.0,J5,1300
1999-04-23Z,5.5,100.0,J5,1300
1999-04-24Z,0.0,100.0,J5,1300
1999-04-25Z,0.8,100.0,J5,1300
1999-04-26Z,16.4,100.0,J5,1300
1999-04-27Z,0.1,100.0,J5,1300
1999-04-28Z,11.4,100.0,J5,1300
1999-04-29Z,1.6,100.0,J5,1300
1999-04-30Z,0.0,100.0,J5,1300
1999-04-01Z,0.0,100.0,KE,1300
1999-04-02Z,0.0,100.0,KE,1300
1999-04-03Z,0.0,100.0,KE,1300
1999-04-04Z,0.0,100.0,KE,1300
1999-04-05Z,0.0,100.0,KE,1300
1999-04-06Z,0.0,100.0,KE,1300
1999-04-07Z,0.2,100.0,KE,1300
1999-04-08Z,0.0,100.0,KE,1300
1999-04-09Z,0.0,100.0,KE,1300
1999-04-10Z,0.0,100.0,KE,1300
1999-04-11Z,11.1,100.0,KE,1300
1999-04-12Z,0.7,100.0,KE,1300
1999-04-13Z,0.0,100.0,KE,1300
1999-04-14Z,0.0,100.0,KE,1300
1999-04-15Z,11.9,100.0,KE,1300
1999-04-16Z,0.7,100.0,KE,1300
1999-04-17Z,0.6,100.0,KE,1300
1999-04-18Z,0.0,100.0,KE,1300
1999-04-19Z,0.0,100.0,KE,1300
1999-04-20Z,0.0,100.0,KE,1300
1999-04-21Z,0.0,100.0,KE,1300
1999-04-22Z,0.9,100.0,KE,1300
1999-04-23Z,0.0,100.0,KE,1300
1999-04-24Z,0.0,100.0,KE,1300
1999-04-25Z,1.4,100.0,KE,1300
1999-04-26Z,2.7,100.0,KE,1300
1999-04-27Z,2.4,100.0,KE,1300
1999-04-28Z,6.2,100.0,KE,1300
1999-04-29Z,0.0,100.0,KE,1300
1999-04-30Z,0.0,100.0,KE,1300
1999-04-01Z,0.0,100.0,KP,1300
1999-04-02Z,0.0,100.0,KP,1300
1999-04-03Z,0.0,100.0,KP,1300
1999-04-04Z,0.0,100.0,KP,1300
1999-04-05Z,0.0,100.0,KP,1300
1999-04-06Z,0.0,100.0,KP,1300
1999-04-07Z,1.6,100.0,KP,1300
1999-04-08Z,0.1,100.0,KP,1300
1999-04-09Z,0.0,100.0,KP,1300
1999-04-10Z,0.0,100.0,KP,1300
1999-04-11Z,3.6,100.0,KP,1300
1999-04-12Z,0.6,100.0,KP,1300
1999-04-13Z,0.0,100.0,KP,1300
1999-04-14Z,0.2,100.0,KP,1300
1999-04-15Z,8.5,100.0,KP,1300
1999-04-16Z,0.0,100.0,KP,1300
1999-04-17Z,1.9,100.0,KP,1300
1999-04-18Z,0.0,100.0,KP,1300
1999-04-19Z,0.0,100.0,KP,1300
1999-04-20Z,0.0,100.0,KP,1300
1999-04-21Z,0.0,100.0,KP,1300
1999-04-22Z,0.0,100.0,KP,1300
1999-04-23Z,7.8,100.0,KP,1300
1999-04-24Z,0.1,100.0,KP,1300
1999-04-25Z,0.0,100.0,KP,1300
1999-04-26Z,0.4,100.0,KP,1300
1999-04-27Z,0.0,100.0,KP,1300
1999-04-28Z,4.6,100.0,KP,1300
1999-04-29Z,0.3,100.0,KP,1300
1999-04-30Z,0.0,100.0,KP,1300
1999-04-01Z,0.0,100.0,KX,1300
1999-04-02Z,0.0,100.0,KX,1300
1999-04-03Z,0.0,100.0,KX,1300
1999-04-04Z,0.0,100.0,KX,1300
1999-04-05Z,0.0,100.0,KX,1300
1999-04-06Z,0.0,100.0,KX,1300
1999-04-07Z,0.6,100.0,KX,1300
1999-04-08Z,0.0,100.0,KX,1300
1999-04-09Z,0.0,100.0,KX,1300
1999-04-10Z,0.0,100.0,KX,1300
1999-04-11Z,3.2,100.0,KX,1300
1999-04-12Z,1.4,100.0,KX,1300
1999-04-13Z,0.1,100.0,KX,1300
1999-04-14Z,0.0,100.0,KX,1300
1999-04-15Z,12.3,100.0,KX,1300
1999-04-16Z,0.3,100.0,KX,1300
1999-04-17Z,0.0,100.0,KX,1300
1999-04-18Z,0.0,100.0,KX,1300
1999-04-19Z,0.0,100.0,KX,1300
1999-04-20Z,0.0,100.0,KX,1300
1999-04-21Z,0.1,100.0,KX,1300
1999-04-22Z,0.0,100.0,KX,1300
1999-04-23Z,0.4,100.0,KX,1300
1999-04-24Z,0.0,100.0,KX,1300
1999-04-25Z,0.1,100.0,KX,1300
1999-04-26Z,2.2,100.0,KX,1300
1999-04-27Z,0.1,100.0,KX,1300
1999-04-28Z,3.2,100.0,KX,1300
1999-04-29Z,0.2,100.0,KX,1300
1999-04-30Z,0.0,100.0,KX,1300
1999-04-01Z,0.0,100.0,M6,1300
1999-04-02Z,0.0,100.0,M6,1300
1999-04-03Z,0.0,100.0,M6,1300
1999-04-04Z,0.0,100.0,M6,1300
1999-04-05Z,0.0,100.0,M6,1300
1999-04-06Z,0.0,100.0,M6,1300
1999-04-07Z,1.0,100.0,M6,1300
1999-04-08Z,0.0,100.0,M6,1300
1999-04-09Z,0.0,100.0,M6,1300
1999-04-10Z,0.0,100.0,M6,1300
1999-04-11Z,0.0,100.0,M6,1300
1999-04-12Z,0.8,100.0,M6,1300
1999-04-13Z,0.0,100.0,M6,1300
1999-04-14Z,0.0,100.0,M6,1300
1999-04-15Z,27.3,100.0,M6,1300
1999-04-16Z,0.3,100.0,M6,1300
1999-04-17Z,0.0,100.0,M6,1300
1999-04-18Z,0.0,100.0,M6,1300
1999-04-19Z,0.0,100.0,M6,1300
1999-04-20Z,0.0,100.0,M6,1300
1999-04-21Z,0.0,100.0,M6,1300
1999-04-22Z,6.6,100.0,M6,1300
1999-04-23Z,4.6,100.0,M6,1300
1999-04-24Z,0.0,100.0,M6,1300
1999-04-25Z,1.6,100.0,M6,1300
1999-04-26Z,34.4,100.0,M6,1300
1999-04-27Z,6.0,100.0,M6,1300
1999-04-28Z,5.0,100.0,M6,1300
1999-04-29Z,3.1,100.0,M6,1300
1999-04-30Z,0.0,100.0,M6,1300
1999-04-01Z,0.0,100.0,U1,1300
1999-04-02Z,0.0,100.0,U1,1300
1999-04-03Z,0.0,100.0,U1,1300
1999-04-04Z,0.0,100.0,U1,1300
1999-04-05Z,0.0,100.0,U1,1300
1999-04-06Z,0.0,100.0,U1,1300
1999-04-07Z,6.1,100.0,U1,1300
1999-04-08Z,0.8,100.0,U1,1300
1999-04-09Z,0.0,100.0,U1,1300
1999-04-10Z,0.0,100.0,U1,1300
1999-04-11Z,0.0,100.0,U1,1300
1999-04-12Z,0.6,100.0,U1,1300
1999-04-13Z,0.0,100.0,U1,1300
1999-04-14Z,0.0,100.0,U1,1300
1999-04-15Z,0.4,100.0,U1,1300
1999-04-16Z,0.0,100.0,U1,1300
1999-04-17Z,0.8,100.0,U1,1300
1999-04-18Z,0.0,100.0,U1,1300
1999-04-19Z,0.0,100.0,U1,1300
1999-04-20Z,0.0,100.0,U1,1300
1999-04-21Z,0.0,100.0,U1,1300
1999-04-22Z,0.0,100.0,U1,1300
1999-04-23Z,6.8,100.0,U1,1300
1999-04-24Z,0.0,100.0,U1,1300
1999-04-25Z,1.4,100.0,U1,1300
1999-04-26Z,78.6,100.0,U1,1300
1999-04-27Z,1.6,100.0,U1,1300
1999-04-28Z,4.0,100.0,U1,1300
1999-04-29Z,0.0,100.0,U1,1300
1999-04-30Z,0.0,100.0,U1,1300
1999-04-01Z,0.4,100.0,U2,1300
1999-04-02Z,0.0,100.0,U2,1300
1999-04-03Z,0.0,100.0,U2,1300
1999-04-04Z,0.0,100.0,U2,1300
1999-04-05Z,0.0,100.0,U2,1300
1999-04-06Z,0.0,100.0,U2,1300
1999-04-07Z,6.6,100.0,U2,1300
1999-04-08Z,0.0,100.0,U2,1300
1999-04-09Z,0.0,100.0,U2,1300
1999-04-10Z,0.0,100.0,U2,1300
1999-04-11Z,0.0,100.0,U2,1300
1999-04-12Z,0.2,100.0,U2,1300
1999-04-13Z,0.0,100.0,U2,1300
1999-04-14Z,0.0,100.0,U2,1300
1999-04-15Z,0.6,100.0,U2,1300
1999-04-16Z,0.0,100.0,U2,1300
1999-04-17Z,1.0,100.0,U2,1300
1999-04-18Z,0.2,100.0,U2,1300
1999-04-19Z,0.0,100.0,U2,1300
1999-04-20Z,0.0,100.0,U2,1300
1999-04-21Z,0.0,100.0,U2,1300
1999-04-22Z,2.8,100.0,U2,1300
1999-04-23Z,6.6,100.0,U2,1300
1999-04-24Z,0.0,100.0,U2,1300
1999-04-25Z,0.2,100.0,U2,1300
1999-04-26Z,17.8,100.0,U2,1300
1999-04-27Z,7.2,100.0,U2,1300
1999-04-28Z,2.4,100.0,U2,1300
1999-04-29Z,0.0,100.0,U2,1300
1999-04-30Z,0.2,100.0,U2,1300
1999-04-01Z,0.0,100.0,U3,1300
1999-04-02Z,0.0,100.0,U3,1300
1999-04-03Z,0.0,100.0,U3,1300
1999-04-04Z,0.0,100.0,U3,1300
1999-04-05Z,0.0,100.0,U3,1300
1999-04-06Z,0.0,100.0,U3,1300
1999-04-07Z,0.0,100.0,U3,1300
1999-04-08Z,0.0,100.0,U3,1300
1999-04-09Z,0.0,100.0,U3,1300
1999-04-10Z,0.0,100.0,U3,1300
1999-04-11Z,0.0,100.0,U3,1300
1999-04-12Z,0.0,100.0,U3,1300
1999-04-13Z,0.0,100.0,U3,1300
1999-04-14Z,0.0,100.0,U3,1300
1999-04-15Z,25.8,100.0,U3,1300
1999-04-16Z,1.4,100.0,U3,1300
1999-04-17Z,0.2,100.0,U3,1300
1999-04-18Z,0.0,100.0,U3,1300
1999-04-19Z,0.0,100.0,U3,1300
1999-04-20Z,0.0,100.0,U3,1300
1999-04-21Z,0.0,100.0,U3,1300
1999-04-22Z,0.0,100.0,U3,1300
1999-04-23Z,0.0,100.0,U3,1300
1999-04-24Z,0.0,100.0,U3,1300
1999-04-25Z,0.2,100.0,U3,1300
1999-04-26Z,0.6,100.0,U3,1300
1999-04-27Z,0.2,100.0,U3,1300
1999-04-28Z,7.4,100.0,U3,1300
1999-04-29Z,0.0,100.0,U3,1300
1999-04-30Z,0.0,100.0,U3,1300
1999-04-01Z,0.0,100.0,U4,1300
1999-04-02Z,0.0,100.0,U4,1300
1999-04-03Z,0.0,100.0,U4,1300
1999-04-04Z,0.0,100.0,U4,1300
1999-04-05Z,0.0,100.0,U4,1300
1999-04-06Z,0.0,100.0,U4,1300
1999-04-07Z,0.0,100.0,U4,1300
1999-04-08Z,0.0,100.0,U4,1300
1999-04-09Z,0.0,100.0,U4,1300
1999-04-10Z,0.0,100.0,U4,1300
1999-04-11Z,0.0,100.0,U4,1300
1999-04-12Z,0.2,100.0,U4,1300
1999-04-13Z,0.0,100.0,U4,1300
1999-04-14Z,0.0,100.0,U4,1300
1999-04-15Z,25.2,100.0,U4,1300
1999-04-16Z,1.6,100.0,U4,1300
1999-04-17Z,0.0,100.0,U4,1300
1999-04-18Z,0.0,100.0,U4,1300
1999-04-19Z,0.0,100.0,U4,1300
1999-04-20Z,0.0,100.0,U4,1300
1999-04-21Z,0.0,100.0,U4,1300
1999-04-22Z,2.4,100.0,U4,1300
1999-04-23Z,0.6,100.0,U4,1300
1999-04-24Z,0.0,100.0,U4,1300
1999-04-25Z,0.6,100.0,U4,1300
1999-04-26Z,4.2,100.0,U4,1300
1999-04-27Z,0.2,100.0,U4,1300
1999-04-28Z,2.2,100.0,U4,1300
1999-04-29Z,2.2,100.0,U4,1300
1999-04-30Z,0.0,100.0,U4,1300
1999-04-01Z,0.0,100.0,U5,1300
1999-04-02Z,0.2,100.0,U5,1300
1999-04-03Z,0.0,100.0,U5,1300
1999-04-04Z,0.0,100.0,U5,1300
1999-04-05Z,0.0,100.0,U5,1300
1999-04-06Z,0.0,100.0,U5,1300
1999-04-07Z,0.0,100.0,U5,1300
1999-04-08Z,0.0,100.0,U5,1300
1999-04-09Z,0.0,100.0,U5,1300
1999-04-10Z,0.0,100.0,U5,1300
1999-04-11Z,0.0,100.0,U5,1300
1999-04-12Z,0.6,100.0,U5,1300
1999-04-13Z,0.0,100.0,U5,1300
1999-04-14Z,0.2,100.0,U5,1300
1999-04-15Z,1.0,100.0,U5,1300
1999-04-16Z,19.4,100.0,U5,1300
1999-04-17Z,1.0,100.0,U5,1300
1999-04-18Z,0.0,100.0,U5,1300
1999-04-19Z,0.0,100.0,U5,1300
1999-04-20Z,0.0,100.0,U5,1300
1999-04-21Z,0.4,100.0,U5,1300
1999-04-22Z,0.6,100.0,U5,1300
1999-04-23Z,2.2,100.0,U5,1300
1999-04-24Z,0.0,100.0,U5,1300
1999-04-25Z,6.6,100.0,U5,1300
1999-04-26Z,0.0,100.0,U5,1300
1999-04-27Z,9.6,100.0,U5,1300
1999-04-28Z,22.0,100.0,U5,1300
1999-04-29Z,2.8,100.0,U5,1300
1999-04-30Z,0.0,100.0,U5,1300
1999-04-01Z,0.2,100.0,U6,1300
1999-04-02Z,0.2,100.0,U6,1300
1999-04-03Z,0.0,100.0,U6,1300
1999-04-04Z,0.0,100.0,U6,1300
1999-04-05Z,0.0,100.0,U6,1300
1999-04-06Z,0.2,100.0,U6,1300
1999-04-07Z,0.2,100.0,U6,1300
1999-04-08Z,0.0,100.0,U6,1300
1999-04-09Z,0.0,100.0,U6,1300
1999-04-10Z,0.0,100.0,U6,1300
1999-04-11Z,0.0,100.0,U6,1300
1999-04-12Z,0.0,100.0,U6,1300
1999-04-13Z,0.0,100.0,U6,1300
1999-04-14Z,0.0,100.0,U6,1300
1999-04-15Z,16.1,100.0,U6,1300
1999-04-16Z,1.6,100.0,U6,1300
1999-04-17Z,0.0,100.0,U6,1300
1999-04-18Z,0.0,100.0,U6,1300
1999-04-19Z,0.0,100.0,U6,1300
1999-04-20Z,0.0,100.0,U6,1300
1999-04-21Z,0.0,100.0,U6,1300
1999-04-22Z,0.0,100.0,U6,1300
1999-04-23Z,0.0,100.0,U6,1300
1999-04-24Z,0.0,100.0,U6,1300
1999-04-25Z,1.4,100.0,U6,1300
1999-04-26Z,2.2,100.0,U6,1300
1999-04-27Z,9.5,100.0,U6,1300
1999-04-28Z,11.7,100.0,U6,1300
1999-04-29Z,0.0,100.0,U6,1300
1999-04-30Z,0.2,100.0,U6,1300
1999-04-01Z,0.2,100.0,U7,1300
1999-04-02Z,0.0,100.0,U7,1300
1999-04-03Z,0.0,100.0,U7,1300
1999-04-04Z,0.0,100.0,U7,1300
1999-04-05Z,0.0,100.0,U7,1300
1999-04-06Z,0.0,100.0,U7,1300
1999-04-07Z,0.2,100.0,U7,1300
1999-04-08Z,0.0,100.0,U7,1300
1999-04-09Z,0.0,100.0,U7,1300
1999-04-10Z,0.0,100.0,U7,1300
1999-04-11Z,0.0,100.0,U7,1300
1999-04-12Z,0.0,100.0,U7,1300
1999-04-13Z,0.0,100.0,U7,1300
1999-04-14Z,0.0,100.0,U7,1300
1999-04-15Z,3.4,100.0,U7,1300
1999-04-16Z,2.8,100.0,U7,1300
1999-04-17Z,0.2,100.0,U7,1300
1999-04-18Z,0.0,100.0,U7,1300
1999-04-19Z,0.0,100.0,U7,1300
1999-04-20Z,0.0,100.0,U7,1300
1999-04-21Z,0.0,100.0,U7,1300
1999-04-22Z,0.0,100.0,U7,1300
1999-04-23Z,0.8,100.0,U7,1300
1999-04-24Z,0.0,100.0,U7,1300
1999-04-25Z,0.4,100.0,U7,1300
1999-04-26Z,2.6,100.0,U7,1300
1999-04-27Z,17.4,100.0,U7,1300
1999-04-28Z,13.2,100.0,U7,1300
1999-04-29Z,0.2,100.0,U7,1300
1999-04-30Z,0.0,100.0,U7,1300
1999-04-01Z,0.0,100.0,U8,1300
1999-04-02Z,0.0,100.0,U8,1300
1999-04-03Z,0.0,100.0,U8,1300
1999-04-04Z,0.0,100.0,U8,1300
1999-04-05Z,0.0,100.0,U8,1300
1999-04-06Z,0.0,100.0,U8,1300
1999-04-07Z,0.2,100.0,U8,1300
1999-04-08Z,0.0,100.0,U8,1300
1999-04-09Z,0.0,100.0,U8,1300
1999-04-10Z,0.0,100.0,U8,1300
1999-04-11Z,0.0,100.0,U8,1300
1999-04-12Z,0.0,100.0,U8,1300
1999-04-13Z,0.0,100.0,U8,1300
1999-04-14Z,0.0,100.0,U8,1300
1999-04-15Z,9.4,100.0,U8,1300
1999-04-16Z,1.0,100.0,U8,1300
1999-04-17Z,0.4,100.0,U8,1300
1999-04-18Z,0.0,100.0,U8,1300
1999-04-19Z,0.0,100.0,U8,1300
1999-04-20Z,0.0,100.0,U8,1300
1999-04-21Z,2.0,100.0,U8,1300
1999-04-22Z,0.0,100.0,U8,1300
1999-04-23Z,0.0,100.0,U8,1300
1999-04-24Z,0.0,100.0,U8,1300
1999-04-25Z,0.2,100.0,U8,1300
1999-04-26Z,0.4,100.0,U8,1300
1999-04-27Z,16.8,100.0,U8,1300
1999-04-28Z,11.8,100.0,U8,1300
1999-04-29Z,0.0,100.0,U8,1300
1999-04-30Z,0.0,100.0,U8,1300
1999-04-01Z,0.0,100.0,U9,1300
1999-04-02Z,0.0,100.0,U9,1300
1999-04-03Z,0.0,100.0,U9,1300
1999-04-04Z,0.0,100.0,U9,1300
1999-04-05Z,0.0,100.0,U9,1300
1999-04-06Z,0.2,100.0,U9,1300
1999-04-07Z,0.0,100.0,U9,1300
1999-04-09Z,0.0,100.0,U9,1300
1999-04-10Z,0.0,100.0,U9,1300
1999-04-11Z,3.0,100.0,U9,1300
1999-04-12Z,0.2,100.0,U9,1300
1999-04-13Z,0.0,100.0,U9,1300
1999-04-14Z,0.0,100.0,U9,1300
1999-04-15Z,7.6,100.0,U9,1300
1999-04-16Z,0.8,100.0,U9,1300
1999-04-17Z,1.2,100.0,U9,1300
1999-04-18Z,0.0,100.0,U9,1300
1999-04-19Z,0.0,100.0,U9,1300
1999-04-20Z,0.0,100.0,U9,1300
1999-04-21Z,0.8,100.0,U9,1300
1999-04-22Z,0.0,100.0,U9,1300
1999-04-23Z,2.2,100.0,U9,1300
1999-04-24Z,0.4,100.0,U9,1300
1999-04-25Z,0.8,100.0,U9,1300
1999-04-26Z,0.4,100.0,U9,1300
1999-04-27Z,45.4,100.0,U9,1300
1999-04-28Z,19.2,100.0,U9,1300
1999-04-29Z,0.0,100.0,U9,1300
1999-04-30Z,0.2,100.0,U9,1300
1999-04-01Z,0.0,100.0,UA,1300
1999-04-02Z,0.2,100.0,UA,1300
1999-04-03Z,0.0,100.0,UA,1300
1999-04-04Z,0.0,100.0,UA,1300
1999-04-05Z,0.0,100.0,UA,1300
1999-04-06Z,0.0,100.0,UA,1300
1999-04-07Z,0.0,100.0,UA,1300
1999-04-08Z,0.0,100.0,UA,1300
1999-04-09Z,0.0,100.0,UA,1300
1999-04-10Z,0.0,100.0,UA,1300
1999-04-11Z,0.0,100.0,UA,1300
1999-04-12Z,0.0,100.0,UA,1300
1999-04-13Z,0.0,100.0,UA,1300
1999-04-14Z,0.0,100.0,UA,1300
1999-04-15Z,15.2,100.0,UA,1300
1999-04-16Z,2.8,100.0,UA,1300
1999-04-17Z,0.0,100.0,UA,1300
1999-04-18Z,0.0,100.0,UA,1300
1999-04-19Z,0.0,100.0,UA,1300
1999-04-20Z,0.0,100.0,UA,1300
1999-04-21Z,0.0,100.0,UA,1300
1999-04-22Z,0.0,100.0,UA,1300
1999-04-23Z,0.2,100.0,UA,1300
1999-04-24Z,0.0,100.0,UA,1300
1999-04-25Z,0.0,100.0,UA,1300
1999-04-26Z,0.0,100.0,UA,1300
1999-04-27Z,0.0,100.0,UA,1300
1999-04-28Z,0.0,100.0,UA,1300
1999-04-29Z,0.0,100.0,UA,1300
1999-04-30Z,0.0,100.0,UA,1300
1999-04-01Z,0.2,100.0,UB,1300
1999-04-02Z,0.0,100.0,UB,1300
1999-04-03Z,0.0,100.0,UB,1300
1999-04-04Z,0.0,100.0,UB,1300
1999-04-05Z,0.0,100.0,UB,1300
1999-04-06Z,0.0,100.0,UB,1300
1999-04-07Z,3.7,100.0,UB,1300
1999-04-08Z,0.0,100.0,UB,1300
1999-04-09Z,0.0,100.0,UB,1300
1999-04-10Z,0.0,100.0,UB,1300
1999-04-11Z,0.0,100.0,UB,1300
1999-04-12Z,0.0,100.0,UB,1300
1999-04-13Z,0.0,100.0,UB,1300
1999-04-14Z,0.0,100.0,UB,1300
1999-04-15Z,0.0,100.0,UB,1300
1999-04-16Z,0.0,100.0,UB,1300
1999-04-17Z,0.0,100.0,UB,1300
1999-04-18Z,0.0,100.0,UB,1300
1999-04-19Z,0.0,100.0,UB,1300
1999-04-20Z,0.0,100.0,UB,1300
1999-04-21Z,0.0,100.0,UB,1300
1999-04-22Z,0.0,100.0,UB,1300
1999-04-23Z,3.9,100.0,UB,1300
1999-04-24Z,0.2,100.0,UB,1300
1999-04-25Z,0.2,100.0,UB,1300
1999-04-26Z,11.1,100.0,UB,1300
1999-04-27Z,0.6,100.0,UB,1300
1999-04-28Z,2.8,100.0,UB,1300
1999-04-29Z,0.0,100.0,UB,1300
1999-04-30Z,0.0,100.0,UB,1300
1999-04-01Z,0.2,100.0,UC,1300
1999-04-02Z,0.0,100.0,UC,1300
1999-04-03Z,0.0,100.0,UC,1300
1999-04-04Z,0.0,100.0,UC,1300
1999-04-05Z,0.0,100.0,UC,1300
1999-04-06Z,0.0,100.0,UC,1300
1999-04-07Z,8.2,100.0,UC,1300
1999-04-08Z,0.2,100.0,UC,1300
1999-04-09Z,0.0,100.0,UC,1300
1999-04-10Z,0.0,100.0,UC,1300
1999-04-11Z,0.0,100.0,UC,1300
1999-04-12Z,0.2,100.0,UC,1300
1999-04-13Z,0.0,100.0,UC,1300
1999-04-14Z,0.0,100.0,UC,1300
1999-04-15Z,4.2,100.0,UC,1300
1999-04-16Z,0.2,100.0,UC,1300
1999-04-17Z,2.6,100.0,UC,1300
1999-04-18Z,0.2,100.0,UC,1300
1999-04-19Z,0.0,100.0,UC,1300
1999-04-20Z,0.0,100.0,UC,1300
1999-04-21Z,0.0,100.0,UC,1300
1999-04-22Z,1.0,100.0,UC,1300
1999-04-23Z,6.4,100.0,UC,1300
1999-04-24Z,0.2,100.0,UC,1300
1999-04-25Z,0.2,100.0,UC,1300
1999-04-26Z,2.4,100.0,UC,1300
1999-04-27Z,3.6,100.0,UC,1300
1999-04-28Z,3.2,100.0,UC,1300
1999-04-29Z,0.0,100.0,UC,1300
1999-04-30Z,0.0,100.0,UC,1300
1999-04-01Z,0.0,100.0,UF,1300
1999-04-02Z,0.0,100.0,UF,1300
1999-04-03Z,0.0,100.0,UF,1300
1999-04-04Z,0.0,100.0,UF,1300
1999-04-05Z,0.0,100.0,UF,1300
1999-04-06Z,0.0,100.0,UF,1300
1999-04-07Z,0.0,100.0,UF,1300
1999-04-08Z,0.0,100.0,UF,1300
1999-04-09Z,0.0,100.0,UF,1300
1999-04-10Z,0.0,100.0,UF,1300
1999-04-11Z,0.0,100.0,UF,1300
1999-04-12Z,0.0,100.0,UF,1300
1999-04-13Z,0.0,100.0,UF,1300
1999-04-14Z,0.0,100.0,UF,1300
1999-04-15Z,14.3,100.0,UF,1300
1999-04-16Z,0.6,100.0,UF,1300
1999-04-17Z,0.0,100.0,UF,1300
1999-04-18Z,0.0,100.0,UF,1300
1999-04-19Z,0.0,100.0,UF,1300
1999-04-20Z,0.0,100.0,UF,1300
1999-04-21Z,0.0,100.0,UF,1300
1999-04-22Z,0.0,100.0,UF,1300
1999-04-23Z,1.4,100.0,UF,1300
1999-04-24Z,0.0,100.0,UF,1300
1999-04-25Z,0.2,100.0,UF,1300
1999-04-26Z,0.0,100.0,UF,1300
1999-04-27Z,0.2,100.0,UF,1300
1999-04-28Z,14.6,100.0,UF,1300
1999-04-29Z,0.0,100.0,UF,1300
1999-04-30Z,0.0,100.0,UF,1300
1999-04-01Z,0.2,100.0,UG,1300
1999-04-02Z,0.0,100.0,UG,1300
1999-04-03Z,0.0,100.0,UG,1300
1999-04-04Z,0.0,100.0,UG,1300
1999-04-05Z,0.0,100.0,UG,1300
1999-04-06Z,0.2,100.0,UG,1300
1999-04-07Z,0.0,100.0,UG,1300
1999-04-08Z,0.2,100.0,UG,1300
1999-04-09Z,0.0,100.0,UG,1300
1999-04-10Z,0.0,100.0,UG,1300
1999-04-11Z,1.0,100.0,UG,1300
1999-04-12Z,1.6,100.0,UG,1300
1999-04-13Z,0.0,100.0,UG,1300
1999-04-14Z,0.0,100.0,UG,1300
1999-04-15Z,9.6,100.0,UG,1300
1999-04-16Z,0.4,100.0,UG,1300
1999-04-17Z,0.2,100.0,UG,1300
1999-04-18Z,0.0,100.0,UG,1300
1999-04-19Z,0.0,100.0,UG,1300
1999-04-20Z,0.0,100.0,UG,1300
1999-04-21Z,0.0,100.0,UG,1300
1999-04-22Z,0.0,100.0,UG,1300
1999-04-23Z,1.6,100.0,UG,1300
1999-04-24Z,0.2,100.0,UG,1300
1999-04-25Z,0.0,100.0,UG,1300
1999-04-26Z,0.4,100.0,UG,1300
1999-04-27Z,0.0,100.0,UG,1300
1999-04-28Z,3.6,100.0,UG,1300
1999-04-29Z,0.2,100.0,UG,1300
1999-04-30Z,0.0,100.0,UG,1300
1999-04-01Z,0.0,100.0,UH,1300
1999-04-02Z,0.0,100.0,UH,1300
1999-04-03Z,0.0,100.0,UH,1300
1999-04-04Z,0.0,100.0,UH,1300
1999-04-05Z,0.0,100.0,UH,1300
1999-04-06Z,0.0,100.0,UH,1300
1999-04-07Z,0.0,100.0,UH,1300
1999-04-08Z,0.0,100.0,UH,1300
1999-04-09Z,0.0,100.0,UH,1300
1999-04-10Z,0.0,100.0,UH,1300
1999-04-11Z,0.0,100.0,UH,1300
1999-04-12Z,0.0,100.0,UH,1300
1999-04-13Z,0.0,100.0,UH,1300
1999-04-14Z,0.0,100.0,UH,1300
1999-04-15Z,22.6,100.0,UH,1300
1999-04-16Z,1.6,100.0,UH,1300
1999-04-17Z,0.0,100.0,UH,1300
1999-04-18Z,0.0,100.0,UH,1300
1999-04-19Z,0.0,100.0,UH,1300
1999-04-20Z,0.0,100.0,UH,1300
1999-04-21Z,0.0,100.0,UH,1300
1999-04-22Z,0.2,100.0,UH,1300
1999-04-23Z,0.2,100.0,UH,1300
1999-04-24Z,0.0,100.0,UH,1300
1999-04-25Z,0.4,100.0,UH,1300
1999-04-26Z,0.0,100.0,UH,1300
1999-04-27Z,0.4,100.0,UH,1300
1999-04-28Z,14.6,100.0,UH,1300
1999-04-29Z,0.0,100.0,UH,1300
1999-04-30Z,0.0,100.0,UH,1300
1999-04-01Z,0.0,100.0,UI,1300
1999-04-02Z,0.0,100.0,UI,1300
1999-04-03Z,0.0,100.0,UI,1300
1999-04-04Z,0.0,100.0,UI,1300
1999-04-05Z,0.0,100.0,UI,1300
1999-04-06Z,0.4,100.0,UI,1300
1999-04-07Z,0.4,100.0,UI,1300
1999-04-08Z,0.0,100.0,UI,1300
1999-04-09Z,0.0,100.0,UI,1300
1999-04-10Z,0.0,100.0,UI,1300
1999-04-11Z,0.0,100.0,UI,1300
1999-04-12Z,0.6,100.0,UI,1300
1999-04-13Z,0.0,100.0,UI,1300
1999-04-14Z,0.0,100.0,UI,1300
1999-04-15Z,16.6,100.0,UI,1300
1999-04-16Z,21.8,100.0,UI,1300
1999-04-17Z,2.8,100.0,UI,1300
1999-04-18Z,0.0,100.0,UI,1300
1999-04-19Z,0.2,100.0,UI,1300
1999-04-20Z,0.0,100.0,UI,1300
1999-04-21Z,1.2,100.0,UI,1300
1999-04-22Z,6.0,100.0,UI,1300
1999-04-23Z,1.0,100.0,UI,1300
1999-04-24Z,0.0,100.0,UI,1300
1999-04-25Z,6.2,100.0,UI,1300
1999-04-26Z,11.2,100.0,UI,1300
1999-04-27Z,8.2,100.0,UI,1300
1999-04-28Z,4.0,100.0,UI,1300
1999-04-29Z,8.2,100.0,UI,1300
1999-04-30Z,0.0,100.0,UI,1300
1999-04-01Z,0.0,100.0,UJ,1300
1999-04-02Z,0.0,100.0,UJ,1300
1999-04-03Z,0.0,100.0,UJ,1300
1999-04-04Z,0.0,100.0,UJ,1300
1999-04-05Z,0.0,100.0,UJ,1300
1999-04-06Z,0.0,100.0,UJ,1300
1999-04-07Z,0.0,100.0,UJ,1300
1999-04-08Z,0.0,100.0,UJ,1300
1999-04-09Z,0.0,100.0,UJ,1300
1999-04-10Z,0.0,100.0,UJ,1300
1999-04-11Z,0.0,100.0,UJ,1300
1999-04-12Z,0.6,100.0,UJ,1300
1999-04-13Z,0.0,100.0,UJ,1300
1999-04-14Z,0.0,100.0,UJ,1300
1999-04-15Z,13.5,100.0,UJ,1300
1999-04-16Z,11.7,100.0,UJ,1300
1999-04-17Z,2.8,100.0,UJ,1300
1999-04-18Z,0.0,100.0,UJ,1300
1999-04-19Z,0.0,100.0,UJ,1300
1999-04-20Z,0.0,100.0,UJ,1300
1999-04-21Z,0.0,100.0,UJ,1300
1999-04-22Z,0.4,100.0,UJ,1300
1999-04-23Z,1.4,100.0,UJ,1300
1999-04-24Z,0.0,100.0,UJ,1300
1999-04-25Z,2.0,100.0,UJ,1300
1999-04-26Z,6.5,100.0,UJ,1300
1999-04-27Z,3.0,100.0,UJ,1300
1999-04-28Z,9.9,100.0,UJ,1300
1999-04-29Z,0.8,100.0,UJ,1300
1999-04-30Z,0.2,100.0,UJ,1300
1999-04-01Z,0.4,100.0,UL,1300
1999-04-02Z,0.0,100.0,UL,1300
1999-04-03Z,0.0,100.0,UL,1300
1999-04-04Z,0.0,100.0,UL,1300
1999-04-05Z,0.0,100.0,UL,1300
1999-04-06Z,0.0,100.0,UL,1300
1999-04-07Z,0.0,100.0,UL,1300
1999-04-08Z,0.0,100.0,UL,1300
1999-04-09Z,0.0,100.0,UL,1300
1999-04-10Z,0.0,100.0,UL,1300
1999-04-11Z,0.0,100.0,UL,1300
1999-04-12Z,0.0,100.0,UL,1300
1999-04-13Z,0.0,100.0,UL,1300
1999-04-14Z,0.0,100.0,UL,1300
1999-04-15Z,5.4,100.0,UL,1300
1999-04-16Z,3.6,100.0,UL,1300
1999-04-17Z,0.6,100.0,UL,1300
1999-04-18Z,0.0,100.0,UL,1300
1999-04-19Z,0.0,100.0,UL,1300
1999-04-20Z,0.0,100.0,UL,1300
1999-04-21Z,0.2,100.0,UL,1300
1999-04-22Z,0.2,100.0,UL,1300
1999-04-23Z,0.2,100.0,UL,1300
1999-04-24Z,0.0,100.0,UL,1300
1999-04-25Z,2.8,100.0,UL,1300
1999-04-26Z,0.2,100.0,UL,1300
1999-04-27Z,1.2,100.0,UL,1300
1999-04-28Z,9.8,100.0,UL,1300
1999-04-29Z,4.0,100.0,UL,1300
1999-04-30Z,0.2,100.0,UL,1300
1999-04-01Z,0.0,100.0,UM,1300
1999-04-02Z,0.0,100.0,UM,1300
1999-04-03Z,0.0,100.0,UM,1300
1999-04-04Z,0.0,100.0,UM,1300
1999-04-05Z,0.0,100.0,UM,1300
1999-04-06Z,0.0,100.0,UM,1300
1999-04-07Z,0.0,100.0,UM,1300
1999-04-08Z,0.0,100.0,UM,1300
1999-04-09Z,0.0,100.0,UM,1300
1999-04-10Z,0.0,100.0,UM,1300
1999-04-11Z,0.0,100.0,UM,1300
1999-04-12Z,0.2,100.0,UM,1300
1999-04-13Z,0.0,100.0,UM,1300
1999-04-14Z,0.0,100.0,UM,1300
1999-04-15Z,3.0,100.0,UM,1300
1999-04-16Z,1.4,100.0,UM,1300
1999-04-17Z,0.6,100.0,UM,1300
1999-04-18Z,0.0,100.0,UM,1300
1999-04-19Z,0.0,100.0,UM,1300
1999-04-20Z,0.0,100.0,UM,1300
1999-04-21Z,0.0,100.0,UM,1300
1999-04-22Z,0.0,100.0,UM,1300
1999-04-23Z,0.4,100.0,UM,1300
1999-04-24Z,0.0,100.0,UM,1300
1999-04-25Z,1.6,100.0,UM,1300
1999-04-26Z,0.0,100.0,UM,1300
1999-04-27Z,7.2,100.0,UM,1300
1999-04-28Z,11.7,100.0,UM,1300
1999-04-29Z,6.8,100.0,UM,1300
1999-04-30Z,0.2,100.0,UM,1300
1999-04-01Z,0.4,100.0,UN,1300
1999-04-02Z,0.0,100.0,UN,1300
1999-04-03Z,0.0,100.0,UN,1300
1999-04-04Z,0.0,100.0,UN,1300
1999-04-05Z,0.0,100.0,UN,1300
1999-04-06Z,0.0,100.0,UN,1300
1999-04-07Z,7.2,100.0,UN,1300
1999-04-08Z,0.0,100.0,UN,1300
1999-04-09Z,0.0,100.0,UN,1300
1999-04-10Z,0.0,100.0,UN,1300
1999-04-11Z,2.0,100.0,UN,1300
1999-04-12Z,0.8,100.0,UN,1300
1999-04-13Z,0.0,100.0,UN,1300
1999-04-14Z,0.0,100.0,UN,1300
1999-04-15Z,9.2,100.0,UN,1300
1999-04-16Z,0.4,100.0,UN,1300
1999-04-17Z,12.0,100.0,UN,1300
1999-04-18Z,0.4,100.0,UN,1300
1999-04-19Z,0.0,100.0,UN,1300
1999-04-20Z,0.0,100.0,UN,1300
1999-04-21Z,0.0,100.0,UN,1300
1999-04-22Z,2.0,100.0,UN,1300
1999-04-23Z,13.2,100.0,UN,1300
1999-04-24Z,0.4,100.0,UN,1300
1999-04-25Z,0.0,100.0,UN,1300
1999-04-26Z,0.8,100.0,UN,1300
1999-04-27Z,0.0,100.0,UN,1300
1999-04-28Z,3.6,100.0,UN,1300
1999-04-29Z,0.0,100.0,UN,1300
1999-04-30Z,0.0,100.0,UN,1300
1999-04-01Z,9.5,100.0,UP,1300
1999-04-02Z,0.0,100.0,UP,1300
1999-04-03Z,0.0,100.0,UP,1300
1999-04-04Z,0.0,100.0,UP,1300
1999-04-05Z,0.0,100.0,UP,1300
1999-04-06Z,0.0,100.0,UP,1300
1999-04-07Z,0.2,100.0,UP,1300
1999-04-08Z,0.0,100.0,UP,1300
1999-04-09Z,0.2,100.0,UP,1300
1999-04-10Z,0.0,100.0,UP,1300
1999-04-11Z,5.7,100.0,UP,1300
1999-04-12Z,0.2,100.0,UP,1300
1999-04-13Z,0.0,100.0,UP,1300
1999-04-14Z,0.0,100.0,UP,1300
1999-04-15Z,11.4,100.0,UP,1300
1999-04-16Z,2.0,100.0,UP,1300
1999-04-17Z,0.0,100.0,UP,1300
1999-04-18Z,0.0,100.0,UP,1300
1999-04-19Z,0.0,100.0,UP,1300
1999-04-20Z,0.0,100.0,UP,1300
1999-04-21Z,0.0,100.0,UP,1300
1999-04-22Z,0.0,100.0,UP,1300
1999-04-23Z,0.0,100.0,UP,1300
1999-04-24Z,0.0,100.0,UP,1300
1999-04-25Z,0.0,100.0,UP,1300
1999-04-26Z,0.8,100.0,UP,1300
1999-04-27Z,0.0,100.0,UP,1300
1999-04-28Z,4.2,100.0,UP,1300
1999-04-29Z,0.0,100.0,UP,1300
1999-04-30Z,0.0,100.0,UP,1300
1999-04-01Z,0.0,100.0,UQ,1300
1999-04-02Z,0.0,100.0,UQ,1300
1999-04-03Z,0.0,100.0,UQ,1300
1999-04-04Z,0.0,100.0,UQ,1300
1999-04-05Z,0.0,100.0,UQ,1300
1999-04-06Z,0.0,100.0,UQ,1300
1999-04-07Z,1.6,100.0,UQ,1300
1999-04-08Z,0.0,100.0,UQ,1300
1999-04-09Z,0.0,100.0,UQ,1300
1999-04-10Z,0.0,100.0,UQ,1300
1999-04-11Z,1.4,100.0,UQ,1300
1999-04-12Z,2.0,100.0,UQ,1300
1999-04-13Z,0.0,100.0,UQ,1300
1999-04-14Z,0.4,100.0,UQ,1300
1999-04-15Z,14.0,100.0,UQ,1300
1999-04-16Z,0.2,100.0,UQ,1300
1999-04-17Z,0.6,100.0,UQ,1300
1999-04-18Z,0.0,100.0,UQ,1300
1999-04-19Z,0.0,100.0,UQ,1300
1999-04-20Z,0.0,100.0,UQ,1300
1999-04-21Z,0.0,100.0,UQ,1300
1999-04-22Z,0.0,100.0,UQ,1300
1999-04-23Z,7.4,100.0,UQ,1300
1999-04-24Z,0.2,100.0,UQ,1300
1999-04-25Z,0.2,100.0,UQ,1300
1999-04-26Z,1.2,100.0,UQ,1300
1999-04-27Z,0.2,100.0,UQ,1300
1999-04-28Z,9.4,100.0,UQ,1300
1999-04-29Z,0.4,100.0,UQ,1300
1999-04-30Z,0.0,100.0,UQ,1300
1999-04-01Z,0.0,100.0,UR,1300
1999-04-02Z,0.0,100.0,UR,1300
1999-04-03Z,0.2,100.0,UR,1300
1999-04-04Z,0.0,100.0,UR,1300
1999-04-05Z,0.0,100.0,UR,1300
1999-04-06Z,0.0,100.0,UR,1300
1999-04-07Z,1.2,100.0,UR,1300
1999-04-08Z,0.0,100.0,UR,1300
1999-04-09Z,0.0,100.0,UR,1300
1999-04-10Z,0.0,100.0,UR,1300
1999-04-11Z,4.6,100.0,UR,1300
1999-04-12Z,1.0,100.0,UR,1300
1999-04-13Z,0.0,100.0,UR,1300
1999-04-14Z,0.0,100.0,UR,1300
1999-04-15Z,8.6,100.0,UR,1300
1999-04-16Z,1.2,100.0,UR,1300
1999-04-17Z,1.8,100.0,UR,1300
1999-04-18Z,0.0,100.0,UR,1300
1999-04-19Z,0.0,100.0,UR,1300
1999-04-20Z,0.0,100.0,UR,1300
1999-04-21Z,0.0,100.0,UR,1300
1999-04-22Z,0.0,100.0,UR,1300
1999-04-23Z,12.1,100.0,UR,1300
1999-04-24Z,0.0,100.0,UR,1300
1999-04-25Z,0.0,100.0,UR,1300
1999-04-26Z,0.6,100.0,UR,1300
1999-04-27Z,0.0,100.0,UR,1300
1999-04-28Z,2.8,100.0,UR,1300
1999-04-29Z,0.0,100.0,UR,1300
1999-04-30Z,0.0,100.0,UR,1300
1999-04-01Z,0.0,100.0,US,1300
1999-04-02Z,0.2,100.0,US,1300
1999-04-03Z,0.0,100.0,US,1300
1999-04-04Z,0.0,100.0,US,1300
1999-04-05Z,0.0,100.0,US,1300
1999-04-06Z,0.2,100.0,US,1300
1999-04-07Z,0.2,100.0,US,1300
1999-04-08Z,2.0,100.0,US,1300
1999-04-09Z,0.0,100.0,US,1300
1999-04-10Z,0.0,100.0,US,1300
1999-04-11Z,0.0,100.0,US,1300
1999-04-12Z,0.0,100.0,US,1300
1999-04-13Z,0.0,100.0,US,1300
1999-04-14Z,0.0,100.0,US,1300
1999-04-15Z,5.4,100.0,US,1300
1999-04-16Z,0.2,100.0,US,1300
1999-04-17Z,0.0,100.0,US,1300
1999-04-18Z,0.0,100.0,US,1300
1999-04-19Z,0.0,100.0,US,1300
1999-04-20Z,0.0,100.0,US,1300
1999-04-21Z,0.0,100.0,US,1300
1999-04-22Z,0.0,100.0,US,1300
1999-04-23Z,0.2,100.0,US,1300
1999-04-24Z,0.0,100.0,US,1300
1999-04-25Z,0.2,100.0,US,1300
1999-04-26Z,3.7,100.0,US,1300
1999-04-27Z,58.6,100.0,US,1300
1999-04-28Z,22.6,100.0,US,1300
1999-04-29Z,0.0,100.0,US,1300
1999-04-30Z,1.6,100.0,US,1300
1999-04-01Z,0.0,100.0,UT,1300
1999-04-02Z,0.0,100.0,UT,1300
1999-04-03Z,0.0,100.0,UT,1300
1999-04-04Z,0.0,100.0,UT,1300
1999-04-05Z,0.0,100.0,UT,1300
1999-04-06Z,0.0,100.0,UT,1300
1999-04-07Z,0.4,100.0,UT,1300
1999-04-08Z,22.4,100.0,UT,1300
1999-04-09Z,0.0,100.0,UT,1300
1999-04-10Z,0.0,100.0,UT,1300
1999-04-11Z,0.0,100.0,UT,1300
1999-04-12Z,0.0,100.0,UT,1300
1999-04-13Z,0.9,100.0,UT,1300
1999-04-14Z,0.0,100.0,UT,1300
1999-04-15Z,4.5,100.0,UT,1300
1999-04-16Z,0.0,100.0,UT,1300
1999-04-17Z,1.3,100.0,UT,1300
1999-04-18Z,0.0,100.0,UT,1300
1999-04-19Z,0.0,100.0,UT,1300
1999-04-20Z,0.0,100.0,UT,1300
1999-04-21Z,0.0,100.0,UT,1300
1999-04-22Z,0.0,100.0,UT,1300
1999-04-23Z,0.4,100.0,UT,1300
1999-04-24Z,0.0,100.0,UT,1300
1999-04-25Z,0.2,100.0,UT,1300
1999-04-26Z,0.1,100.0,UT,1300
1999-04-27Z,65.2,100.0,UT,1300
1999-04-28Z,17.5,100.0,UT,1300
1999-04-29Z,0.0,100.0,UT,1300
1999-04-30Z,0.0,100.0,UT,1300
1999-04-01Z,0.0,100.0,UU,1300
1999-04-02Z,0.2,100.0,UU,1300
1999-04-03Z,0.0,100.0,UU,1300
1999-04-04Z,0.0,100.0,UU,1300
1999-04-05Z,0.2,100.0,UU,1300
1999-04-06Z,0.0,100.0,UU,1300
1999-04-07Z,0.2,100.0,UU,1300
1999-04-08Z,0.0,100.0,UU,1300
1999-04-09Z,0.0,100.0,UU,1300
1999-04-10Z,0.0,100.0,UU,1300
1999-04-11Z,0.0,100.0,UU,1300
1999-04-12Z,0.0,100.0,UU,1300
1999-04-13Z,0.0,100.0,UU,1300
1999-04-14Z,0.0,100.0,UU,1300
1999-04-15Z,6.2,100.0,UU,1300
1999-04-16Z,0.8,100.0,UU,1300
1999-04-17Z,0.2,100.0,UU,1300
1999-04-18Z,0.0,100.0,UU,1300
1999-04-19Z,0.0,100.0,UU,1300
1999-04-20Z,0.0,100.0,UU,1300
1999-04-21Z,0.0,100.0,UU,1300
1999-04-22Z,0.0,100.0,UU,1300
1999-04-23Z,0.0,100.0,UU,1300
1999-04-24Z,0.0,100.0,UU,1300
1999-04-25Z,0.4,100.0,UU,1300
1999-04-26Z,0.4,100.0,UU,1300
1999-04-27Z,32.6,100.0,UU,1300
1999-04-28Z,18.1,100.0,UU,1300
1999-04-29Z,0.0,100.0,UU,1300
1999-04-30Z,0.2,100.0,UU,1300
1999-04-01Z,0.2,100.0,UV,1300
1999-04-02Z,0.0,100.0,UV,1300
1999-04-03Z,0.0,100.0,UV,1300
1999-04-04Z,0.0,100.0,UV,1300
1999-04-05Z,0.0,100.0,UV,1300
1999-04-06Z,0.0,100.0,UV,1300
1999-04-07Z,0.2,100.0,UV,1300
1999-04-08Z,0.0,100.0,UV,1300
1999-04-09Z,0.0,100.0,UV,1300
1999-04-10Z,0.0,100.0,UV,1300
1999-04-11Z,0.0,100.0,UV,1300
1999-04-12Z,0.0,100.0,UV,1300
1999-04-13Z,0.0,100.0,UV,1300
1999-04-14Z,0.0,100.0,UV,1300
1999-04-15Z,4.2,100.0,UV,1300
1999-04-16Z,1.6,100.0,UV,1300
1999-04-17Z,0.4,100.0,UV,1300
1999-04-18Z,0.0,100.0,UV,1300
1999-04-19Z,0.0,100.0,UV,1300
1999-04-20Z,0.0,100.0,UV,1300
1999-04-21Z,0.0,100.0,UV,1300
1999-04-22Z,0.0,100.0,UV,1300
1999-04-23Z,0.0,100.0,UV,1300
1999-04-24Z,0.0,100.0,UV,1300
1999-04-25Z,0.6,100.0,UV,1300
1999-04-26Z,2.6,100.0,UV,1300
1999-04-27Z,24.9,100.0,UV,1300
1999-04-28Z,25.2,100.0,UV,1300
1999-04-29Z,5.2,100.0,UV,1300
1999-04-30Z,0.0,100.0,UV,1300
1999-04-01Z,0.0,100.0,UW,1300
1999-04-02Z,0.2,100.0,UW,1300
1999-04-03Z,0.0,100.0,UW,1300
1999-04-04Z,0.0,100.0,UW,1300
1999-04-05Z,0.0,100.0,UW,1300
1999-04-06Z,0.0,100.0,UW,1300
1999-04-07Z,0.2,100.0,UW,1300
1999-04-08Z,0.0,100.0,UW,1300
1999-04-09Z,0.0,100.0,UW,1300
1999-04-10Z,0.0,100.0,UW,1300
1999-04-11Z,0.0,100.0,UW,1300
1999-04-12Z,0.0,100.0,UW,1300
1999-04-13Z,0.0,100.0,UW,1300
1999-04-14Z,0.0,100.0,UW,1300
1999-04-15Z,6.4,100.0,UW,1300
1999-04-16Z,0.2,100.0,UW,1300
1999-04-17Z,0.2,100.0,UW,1300
1999-04-18Z,0.0,100.0,UW,1300
1999-04-19Z,0.0,100.0,UW,1300
1999-04-20Z,0.0,100.0,UW,1300
1999-04-21Z,0.0,100.0,UW,1300
1999-04-22Z,0.0,100.0,UW,1300
1999-04-23Z,2.8,100.0,UW,1300
1999-04-24Z,0.0,100.0,UW,1300
1999-04-25Z,0.6,100.0,UW,1300
1999-04-26Z,0.8,100.0,UW,1300
1999-04-27Z,17.2,100.0,UW,1300
1999-04-28Z,15.2,100.0,UW,1300
1999-04-29Z,0.0,100.0,UW,1300
1999-04-30Z,0.2,100.0,UW,1300
1999-04-01Z,0.0,100.0,UX,1300
1999-04-02Z,0.0,100.0,UX,1300
1999-04-03Z,0.0,100.0,UX,1300
1999-04-04Z,0.0,100.0,UX,1300
1999-04-05Z,0.2,100.0,UX,1300
1999-04-06Z,0.0,100.0,UX,1300
1999-04-07Z,0.2,100.0,UX,1300
1999-04-08Z,0.0,100.0,UX,1300
1999-04-09Z,0.0,100.0,UX,1300
1999-04-10Z,0.0,100.0,UX,1300
1999-04-11Z,0.0,100.0,UX,1300
1999-04-12Z,0.0,100.0,UX,1300
1999-04-13Z,0.0,100.0,UX,1300
1999-04-14Z,0.0,100.0,UX,1300
1999-04-15Z,5.4,100.0,UX,1300
1999-04-16Z,0.2,100.0,UX,1300
1999-04-17Z,0.0,100.0,UX,1300
1999-04-18Z,0.0,100.0,UX,1300
1999-04-19Z,0.0,100.0,UX,1300
1999-04-20Z,0.0,100.0,UX,1300
1999-04-21Z,0.0,100.0,UX,1300
1999-04-22Z,0.0,100.0,UX,1300
1999-04-23Z,0.0,100.0,UX,1300
1999-04-24Z,0.0,100.0,UX,1300
1999-04-25Z,0.2,100.0,UX,1300
1999-04-26Z,1.4,100.0,UX,1300
1999-04-27Z,24.6,100.0,UX,1300
1999-04-28Z,18.2,100.0,UX,1300
1999-04-29Z,3.2,100.0,UX,1300
1999-04-30Z,0.2,100.0,UX,1300
1999-04-01Z,0.6,100.0,UY,1300
1999-04-02Z,0.0,100.0,UY,1300
1999-04-03Z,0.0,100.0,UY,1300
1999-04-04Z,0.0,100.0,UY,1300
1999-04-05Z,0.0,100.0,UY,1300
1999-04-06Z,0.0,100.0,UY,1300
1999-04-07Z,0.0,100.0,UY,1300
1999-04-08Z,0.0,100.0,UY,1300
1999-04-09Z,0.0,100.0,UY,1300
1999-04-10Z,0.0,100.0,UY,1300
1999-04-11Z,0.0,100.0,UY,1300
1999-04-12Z,0.0,100.0,UY,1300
1999-04-13Z,0.0,100.0,UY,1300
1999-04-14Z,0.0,100.0,UY,1300
1999-04-15Z,9.6,100.0,UY,1300
1999-04-16Z,6.2,100.0,UY,1300
1999-04-17Z,2.0,100.0,UY,1300
1999-04-18Z,0.0,100.0,UY,1300
1999-04-19Z,0.0,100.0,UY,1300
1999-04-20Z,0.0,100.0,UY,1300
1999-04-21Z,2.2,100.0,UY,1300
1999-04-22Z,1.0,100.0,UY,1300
1999-04-23Z,2.6,100.0,UY,1300
1999-04-24Z,0.0,100.0,UY,1300
1999-04-25Z,1.8,100.0,UY,1300
1999-04-26Z,0.2,100.0,UY,1300
1999-04-27Z,6.2,100.0,UY,1300
1999-04-28Z,13.2,100.0,UY,1300
1999-04-29Z,0.2,100.0,UY,1300
1999-04-30Z,0.2,100.0,UY,1300
1999-04-01Z,0.0,100.0,V1,1300
1999-04-02Z,0.2,100.0,V1,1300
1999-04-03Z,0.0,100.0,V1,1300
1999-04-04Z,0.0,100.0,V1,1300
1999-04-05Z,0.0,100.0,V1,1300
1999-04-06Z,0.0,100.0,V1,1300
1999-04-07Z,0.0,100.0,V1,1300
1999-04-08Z,0.0,100.0,V1,1300
1999-04-09Z,0.0,100.0,V1,1300
1999-04-10Z,0.0,100.0,V1,1300
1999-04-11Z,0.0,100.0,V1,1300
1999-04-12Z,0.0,100.0,V1,1300
1999-04-13Z,0.0,100.0,V1,1300
1999-04-14Z,0.0,100.0,V1,1300
1999-04-15Z,8.4,100.0,V1,1300
1999-04-16Z,3.8,100.0,V1,1300
1999-04-17Z,1.7,100.0,V1,1300
1999-04-18Z,0.0,100.0,V1,1300
1999-04-19Z,0.0,100.0,V1,1300
1999-04-20Z,0.0,100.0,V1,1300
1999-04-21Z,1.5,100.0,V1,1300
1999-04-22Z,2.1,100.0,V1,1300
1999-04-23Z,1.0,100.0,V1,1300
1999-04-24Z,0.0,100.0,V1,1300
1999-04-25Z,3.2,100.0,V1,1300
1999-04-26Z,0.2,100.0,V1,1300
1999-04-27Z,0.6,100.0,V1,1300
1999-04-28Z,9.4,100.0,V1,1300
1999-04-29Z,0.4,100.0,V1,1300
1999-04-30Z,0.2,100.0,V1,1300
1999-04-01Z,0.0,100.0,V3,1300
1999-04-02Z,0.0,100.0,V3,1300
1999-04-03Z,0.0,100.0,V3,1300
1999-04-04Z,0.0,100.0,V3,1300
1999-04-05Z,0.0,100.0,V3,1300
1999-04-06Z,0.0,100.0,V3,1300
1999-04-07Z,0.0,100.0,V3,1300
1999-04-08Z,0.0,100.0,V3,1300
1999-04-09Z,0.0,100.0,V3,1300
1999-04-10Z,0.0,100.0,V3,1300
1999-04-11Z,2.4,100.0,V3,1300
1999-04-12Z,0.8,100.0,V3,1300
1999-04-13Z,0.0,100.0,V3,1300
1999-04-14Z,0.0,100.0,V3,1300
1999-04-15Z,24.2,100.0,V3,1300
1999-04-16Z,1.0,100.0,V3,1300
1999-04-17Z,3.8,100.0,V3,1300
1999-04-18Z,0.0,100.0,V3,1300
1999-04-19Z,0.0,100.0,V3,1300
1999-04-20Z,0.0,100.0,V3,1300
1999-04-21Z,0.0,100.0,V3,1300
1999-04-22Z,1.2,100.0,V3,1300
1999-04-23Z,0.2,100.0,V3,1300
1999-04-24Z,0.0,100.0,V3,1300
1999-04-25Z,0.8,100.0,V3,1300
1999-04-26Z,4.2,100.0,V3,1300
1999-04-27Z,3.2,100.0,V3,1300
1999-04-28Z,2.6,100.0,V3,1300
1999-04-29Z,0.8,100.0,V3,1300
1999-04-30Z,0.0,100.0,V3,1300
1999-04-01Z,0.0,100.0,V4,1300
1999-04-02Z,0.0,100.0,V4,1300
1999-04-03Z,0.0,100.0,V4,1300
1999-04-04Z,0.0,100.0,V4,1300
1999-04-05Z,0.0,100.0,V4,1300
1999-04-06Z,0.0,100.0,V4,1300
1999-04-07Z,0.4,100.0,V4,1300
1999-04-08Z,0.0,100.0,V4,1300
1999-04-09Z,0.0,100.0,V4,1300
1999-04-10Z,0.0,100.0,V4,1300
1999-04-11Z,0.2,100.0,V4,1300
1999-04-12Z,1.6,100.0,V4,1300
1999-04-13Z,0.2,100.0,V4,1300
1999-04-14Z,0.4,100.0,V4,1300
1999-04-15Z,25.1,100.0,V4,1300
1999-04-16Z,0.8,100.0,V4,1300
1999-04-17Z,0.8,100.0,V4,1300
1999-04-18Z,0.0,100.0,V4,1300
1999-04-19Z,0.0,100.0,V4,1300
1999-04-20Z,0.0,100.0,V4,1300
1999-04-21Z,0.0,100.0,V4,1300
1999-04-22Z,3.2,100.0,V4,1300
1999-04-23Z,0.0,100.0,V4,1300
1999-04-24Z,0.0,100.0,V4,1300
1999-04-25Z,1.8,100.0,V4,1300
1999-04-26Z,11.9,100.0,V4,1300
1999-04-27Z,4.9,100.0,V4,1300
1999-04-28Z,1.0,100.0,V4,1300
1999-04-29Z,3.4,100.0,V4,1300
1999-04-30Z,0.0,100.0,V4,1300
1999-04-01Z,0.0,100.0,V5,1300
1999-04-02Z,0.0,100.0,V5,1300
1999-04-03Z,0.0,100.0,V5,1300
1999-04-04Z,0.0,100.0,V5,1300
1999-04-05Z,0.0,100.0,V5,1300
1999-04-06Z,0.0,100.0,V5,1300
1999-04-07Z,0.0,100.0,V5,1300
1999-04-08Z,0.0,100.0,V5,1300
1999-04-09Z,0.0,100.0,V5,1300
1999-04-10Z,0.2,100.0,V5,1300
1999-04-11Z,0.0,100.0,V5,1300
1999-04-12Z,0.4,100.0,V5,1300
1999-04-13Z,0.0,100.0,V5,1300
1999-04-14Z,0.0,100.0,V5,1300
1999-04-15Z,24.0,100.0,V5,1300
1999-04-16Z,6.6,100.0,V5,1300
1999-04-17Z,2.6,100.0,V5,1300
1999-04-18Z,0.0,100.0,V5,1300
1999-04-19Z,0.2,100.0,V5,1300
1999-04-20Z,0.0,100.0,V5,1300
1999-04-21Z,0.0,100.0,V5,1300
1999-04-22Z,3.6,100.0,V5,1300
1999-04-23Z,0.2,100.0,V5,1300
1999-04-24Z,0.0,100.0,V5,1300
1999-04-25Z,2.2,100.0,V5,1300
1999-04-26Z,6.2,100.0,V5,1300
1999-04-27Z,2.8,100.0,V5,1300
1999-04-28Z,0.8,100.0,V5,1300
1999-04-29Z,1.6,100.0,V5,1300
1999-04-30Z,0.0,100.0,V5,1300
1999-04-01Z,0.0,100.0,V6,1300
1999-04-02Z,0.0,100.0,V6,1300
1999-04-03Z,0.0,100.0,V6,1300
1999-04-04Z,0.0,100.0,V6,1300
1999-04-05Z,0.0,100.0,V6,1300
1999-04-06Z,0.0,100.0,V6,1300
1999-04-07Z,0.4,100.0,V6,1300
1999-04-08Z,0.0,100.0,V6,1300
1999-04-09Z,0.0,100.0,V6,1300
1999-04-10Z,0.0,100.0,V6,1300
1999-04-11Z,11.2,100.0,V6,1300
1999-04-12Z,2.4,100.0,V6,1300
1999-04-13Z,0.0,100.0,V6,1300
1999-04-14Z,0.0,100.0,V6,1300
1999-04-15Z,14.8,100.0,V6,1300
1999-04-16Z,6.0,100.0,V6,1300
1999-04-17Z,2.2,100.0,V6,1300
1999-04-18Z,0.0,100.0,V6,1300
1999-04-19Z,0.0,100.0,V6,1300
1999-04-20Z,0.0,100.0,V6,1300
1999-04-21Z,0.0,100.0,V6,1300
1999-04-22Z,0.4,100.0,V6,1300
1999-04-23Z,0.6,100.0,V6,1300
1999-04-24Z,0.0,100.0,V6,1300
1999-04-25Z,0.4,100.0,V6,1300
1999-04-26Z,4.4,100.0,V6,1300
1999-04-27Z,0.2,100.0,V6,1300
1999-04-28Z,11.4,100.0,V6,1300
1999-04-29Z,0.6,100.0,V6,1300
1999-04-30Z,0.0,100.0,V6,1300
1999-04-01Z,0.0,100.0,V7,1300
1999-04-02Z,0.0,100.0,V7,1300
1999-04-03Z,0.0,100.0,V7,1300
1999-04-04Z,0.0,100.0,V7,1300
1999-04-05Z,0.0,100.0,V7,1300
1999-04-06Z,0.0,100.0,V7,1300
1999-04-07Z,0.0,100.0,V7,1300
1999-04-08Z,0.0,100.0,V7,1300
1999-04-09Z,0.0,100.0,V7,1300
1999-04-10Z,0.0,100.0,V7,1300
1999-04-11Z,7.4,100.0,V7,1300
1999-04-12Z,0.6,100.0,V7,1300
1999-04-13Z,0.0,100.0,V7,1300
1999-04-14Z,0.0,100.0,V7,1300
1999-04-15Z,11.4,100.0,V7,1300
1999-04-16Z,0.6,100.0,V7,1300
1999-04-17Z,0.8,100.0,V7,1300
1999-04-18Z,0.0,100.0,V7,1300
1999-04-19Z,0.0,100.0,V7,1300
1999-04-20Z,0.0,100.0,V7,1300
1999-04-21Z,0.0,100.0,V7,1300
1999-04-22Z,0.8,100.0,V7,1300
1999-04-23Z,0.0,100.0,V7,1300
1999-04-24Z,0.0,100.0,V7,1300
1999-04-25Z,0.8,100.0,V7,1300
1999-04-26Z,3.0,100.0,V7,1300
1999-04-27Z,1.6,100.0,V7,1300
1999-04-28Z,4.8,100.0,V7,1300
1999-04-29Z,0.0,100.0,V7,1300
1999-04-30Z,0.0,100.0,V7,1300
1999-04-01Z,0.2,100.0,V8,1300
1999-04-02Z,0.2,100.0,V8,1300
1999-04-03Z,0.0,100.0,V8,1300
1999-04-04Z,0.0,100.0,V8,1300
1999-04-05Z,0.0,100.0,V8,1300
1999-04-06Z,0.0,100.0,V8,1300
1999-04-07Z,0.0,100.0,V8,1300
1999-04-08Z,3.0,100.0,V8,1300
1999-04-09Z,0.0,100.0,V8,1300
1999-04-10Z,0.0,100.0,V8,1300
1999-04-11Z,0.0,100.0,V8,1300
1999-04-12Z,0.0,100.0,V8,1300
1999-04-13Z,0.0,100.0,V8,1300
1999-04-14Z,0.0,100.0,V8,1300
1999-04-15Z,9.0,100.0,V8,1300
1999-04-16Z,2.4,100.0,V8,1300
1999-04-17Z,2.4,100.0,V8,1300
1999-04-18Z,0.0,100.0,V8,1300
1999-04-19Z,0.0,100.0,V8,1300
1999-04-20Z,0.0,100.0,V8,1300
1999-04-21Z,1.4,100.0,V8,1300
1999-04-22Z,1.0,100.0,V8,1300
1999-04-23Z,2.0,100.0,V8,1300
1999-04-24Z,0.0,100.0,V8,1300
1999-04-25Z,2.8,100.0,V8,1300
1999-04-26Z,0.0,100.0,V8,1300
1999-04-27Z,0.2,100.0,V8,1300
1999-04-28Z,10.8,100.0,V8,1300
1999-04-29Z,6.4,100.0,V8,1300
1999-04-30Z,0.2,100.0,V8,1300
1999-04-01Z,0.4,100.0,V9,1300
1999-04-02Z,0.2,100.0,V9,1300
1999-04-03Z,0.0,100.0,V9,1300
1999-04-04Z,0.0,100.0,V9,1300
1999-04-05Z,0.0,100.0,V9,1300
1999-04-06Z,0.0,100.0,V9,1300
1999-04-07Z,0.0,100.0,V9,1300
1999-04-08Z,0.0,100.0,V9,1300
1999-04-09Z,0.0,100.0,V9,1300
1999-04-10Z,0.0,100.0,V9,1300
1999-04-11Z,0.0,100.0,V9,1300
1999-04-12Z,0.0,100.0,V9,1300
1999-04-13Z,0.0,100.0,V9,1300
1999-04-14Z,0.0,100.0,V9,1300
1999-04-15Z,9.2,100.0,V9,1300
1999-04-16Z,3.6,100.0,V9,1300
1999-04-17Z,1.6,100.0,V9,1300
1999-04-18Z,0.0,100.0,V9,1300
1999-04-19Z,0.0,100.0,V9,1300
1999-04-20Z,0.0,100.0,V9,1300
1999-04-21Z,1.0,100.0,V9,1300
1999-04-22Z,0.4,100.0,V9,1300
1999-04-23Z,2.8,100.0,V9,1300
1999-04-24Z,0.0,100.0,V9,1300
1999-04-25Z,2.6,100.0,V9,1300
1999-04-26Z,0.2,100.0,V9,1300
1999-04-27Z,1.0,100.0,V9,1300
1999-04-28Z,10.0,100.0,V9,1300
1999-04-29Z,17.1,100.0,V9,1300
1999-04-30Z,0.2,100.0,V9,1300
1999-04-01Z,0.2,100.0,VA,1300
1999-04-02Z,0.0,100.0,VA,1300
1999-04-03Z,0.0,100.0,VA,1300
1999-04-04Z,0.0,100.0,VA,1300
1999-04-05Z,0.0,100.0,VA,1300
1999-04-06Z,0.0,100.0,VA,1300
1999-04-07Z,0.0,100.0,VA,1300
1999-04-08Z,0.0,100.0,VA,1300
1999-04-09Z,0.0,100.0,VA,1300
1999-04-10Z,0.0,100.0,VA,1300
1999-04-11Z,0.0,100.0,VA,1300
1999-04-12Z,0.4,100.0,VA,1300
1999-04-13Z,0.0,100.0,VA,1300
1999-04-14Z,0.0,100.0,VA,1300
1999-04-15Z,2.4,100.0,VA,1300
1999-04-16Z,3.8,100.0,VA,1300
1999-04-17Z,0.8,95.8,VA,1300
1999-04-18Z,0.0,100.0,VA,1300
1999-04-19Z,0.0,100.0,VA,1300
1999-04-20Z,0.0,100.0,VA,1300
1999-04-21Z,0.0,100.0,VA,1300
1999-04-22Z,0.0,100.0,VA,1300
1999-04-23Z,2.4,100.0,VA,1300
1999-04-24Z,0.0,100.0,VA,1300
1999-04-25Z,3.0,100.0,VA,1300
1999-04-26Z,0.6,100.0,VA,1300
1999-04-27Z,3.8,100.0,VA,1300
1999-04-28Z,10.0,100.0,VA,1300
1999-04-29Z,3.2,100.0,VA,1300
1999-04-30Z,0.0,100.0,VA,1300
1999-04-01Z,0.0,100.0,VB,1300
1999-04-02Z,0.2,100.0,VB,1300
1999-04-03Z,0.0,100.0,VB,1300
1999-04-04Z,0.0,100.0,VB,1300
1999-04-05Z,0.0,100.0,VB,1300
1999-04-06Z,0.0,100.0,VB,1300
1999-04-07Z,0.0,100.0,VB,1300
1999-04-08Z,0.0,100.0,VB,1300
1999-04-09Z,0.0,100.0,VB,1300
1999-04-10Z,0.0,100.0,VB,1300
1999-04-11Z,0.0,100.0,VB,1300
1999-04-12Z,0.2,100.0,VB,1300
1999-04-13Z,0.0,100.0,VB,1300
1999-04-14Z,0.0,100.0,VB,1300
1999-04-15Z,4.2,100.0,VB,1300
1999-04-16Z,3.0,100.0,VB,1300
1999-04-17Z,0.2,100.0,VB,1300
1999-04-18Z,0.0,100.0,VB,1300
1999-04-19Z,0.0,100.0,VB,1300
1999-04-20Z,0.0,100.0,VB,1300
1999-04-21Z,0.0,100.0,VB,1300
1999-04-22Z,0.0,100.0,VB,1300
1999-04-23Z,0.2,100.0,VB,1300
1999-04-24Z,0.0,100.0,VB,1300
1999-04-25Z,1.8,100.0,VB,1300
1999-04-26Z,1.0,100.0,VB,1300
1999-04-27Z,16.7,100.0,VB,1300
1999-04-28Z,12.6,100.0,VB,1300
1999-04-29Z,0.2,100.0,VB,1300
1999-04-30Z,0.0,100.0,VB,1300
1999-04-01Z,2.2,100.0,VC,1300
1999-04-02Z,0.0,100.0,VC,1300
1999-04-03Z,0.0,100.0,VC,1300
1999-04-04Z,0.0,100.0,VC,1300
1999-04-05Z,0.0,100.0,VC,1300
1999-04-06Z,0.0,100.0,VC,1300
1999-04-07Z,0.0,100.0,VC,1300
1999-04-08Z,0.0,100.0,VC,1300
1999-04-09Z,0.0,100.0,VC,1300
1999-04-10Z,0.0,100.0,VC,1300
1999-04-11Z,0.0,100.0,VC,1300
1999-04-12Z,0.2,100.0,VC,1300
1999-04-13Z,0.0,100.0,VC,1300
1999-04-14Z,0.0,100.0,VC,1300
1999-04-15Z,1.2,100.0,VC,1300
1999-04-16Z,4.0,100.0,VC,1300
1999-04-17Z,0.8,100.0,VC,1300
1999-04-18Z,0.0,100.0,VC,1300
1999-04-19Z,0.0,100.0,VC,1300
1999-04-20Z,0.0,100.0,VC,1300
1999-04-21Z,0.6,100.0,VC,1300
1999-04-22Z,0.0,100.0,VC,1300
1999-04-23Z,2.6,100.0,VC,1300
1999-04-24Z,0.0,100.0,VC,1300
1999-04-25Z,2.0,100.0,VC,1300
1999-04-26Z,0.4,100.0,VC,1300
1999-04-27Z,0.4,100.0,VC,1300
1999-04-28Z,8.0,100.0,VC,1300
1999-04-29Z,8.8,100.0,VC,1300
1999-04-30Z,0.0,100.0,VC,1300
1999-04-01Z,0.0,100.0,VD,1300
1999-04-02Z,0.0,100.0,VD,1300
1999-04-03Z,0.0,100.0,VD,1300
1999-04-04Z,0.0,100.0,VD,1300
1999-04-05Z,0.0,100.0,VD,1300
1999-04-06Z,0.0,100.0,VD,1300
1999-04-07Z,0.0,100.0,VD,1300
1999-04-08Z,0.0,100.0,VD,1300
1999-04-09Z,0.0,100.0,VD,1300
1999-04-10Z,0.0,100.0,VD,1300
1999-04-11Z,0.0,100.0,VD,1300
1999-04-12Z,0.2,100.0,VD,1300
1999-04-13Z,0.0,100.0,VD,1300
1999-04-14Z,0.0,100.0,VD,1300
1999-04-15Z,23.0,100.0,VD,1300
1999-04-16Z,1.8,100.0,VD,1300
1999-04-17Z,1.2,100.0,VD,1300
1999-04-18Z,0.0,100.0,VD,1300
1999-04-19Z,0.0,100.0,VD,1300
1999-04-20Z,0.0,100.0,VD,1300
1999-04-21Z,0.8,100.0,VD,1300
1999-04-22Z,1.4,100.0,VD,1300
1999-04-23Z,0.0,100.0,VD,1300
1999-04-24Z,0.0,100.0,VD,1300
1999-04-25Z,6.6,100.0,VD,1300
1999-04-26Z,0.0,100.0,VD,1300
1999-04-27Z,2.0,100.0,VD,1300
1999-04-28Z,7.6,100.0,VD,1300
1999-04-29Z,9.7,100.0,VD,1300
1999-04-30Z,0.0,100.0,VD,1300
1999-04-01Z,0.2,100.0,VE,1300
1999-04-02Z,0.0,100.0,VE,1300
1999-04-03Z,0.0,100.0,VE,1300
1999-04-04Z,0.0,100.0,VE,1300
1999-04-05Z,0.0,100.0,VE,1300
1999-04-06Z,0.0,100.0,VE,1300
1999-04-07Z,0.0,100.0,VE,1300
1999-04-08Z,0.0,100.0,VE,1300
1999-04-09Z,0.0,100.0,VE,1300
1999-04-10Z,0.0,100.0,VE,1300
1999-04-11Z,0.0,100.0,VE,1300
1999-04-12Z,0.2,100.0,VE,1300
1999-04-13Z,0.0,100.0,VE,1300
1999-04-14Z,0.0,100.0,VE,1300
1999-04-15Z,0.6,100.0,VE,1300
1999-04-16Z,4.4,100.0,VE,1300
1999-04-17Z,0.6,100.0,VE,1300
1999-04-18Z,0.0,100.0,VE,1300
1999-04-19Z,0.0,100.0,VE,1300
1999-04-20Z,0.0,100.0,VE,1300
1999-04-21Z,0.6,100.0,VE,1300
1999-04-22Z,0.4,100.0,VE,1300
1999-04-23Z,0.6,100.0,VE,1300
1999-04-24Z,0.0,100.0,VE,1300
1999-04-25Z,1.2,100.0,VE,1300
1999-04-26Z,0.2,100.0,VE,1300
1999-04-27Z,0.6,100.0,VE,1300
1999-04-28Z,9.0,100.0,VE,1300
1999-04-29Z,7.8,100.0,VE,1300
1999-04-30Z,0.0,100.0,VE,1300
1999-04-01Z,0.0,100.0,VF,1300
1999-04-02Z,0.0,100.0,VF,1300
1999-04-03Z,0.0,100.0,VF,1300
1999-04-04Z,0.0,100.0,VF,1300
1999-04-05Z,0.0,100.0,VF,1300
1999-04-06Z,0.0,100.0,VF,1300
1999-04-07Z,0.0,100.0,VF,1300
1999-04-08Z,0.0,100.0,VF,1300
1999-04-09Z,0.0,100.0,VF,1300
1999-04-10Z,0.0,100.0,VF,1300
1999-04-11Z,0.0,100.0,VF,1300
1999-04-12Z,0.0,100.0,VF,1300
1999-04-13Z,0.0,100.0,VF,1300
1999-04-14Z,0.0,100.0,VF,1300
1999-04-15Z,1.0,100.0,VF,1300
1999-04-16Z,3.2,100.0,VF,1300
1999-04-17Z,0.6,100.0,VF,1300
1999-04-18Z,0.0,100.0,VF,1300
1999-04-19Z,0.0,100.0,VF,1300
1999-04-20Z,0.0,100.0,VF,1300
1999-04-21Z,1.4,100.0,VF,1300
1999-04-22Z,0.2,100.0,VF,1300
1999-04-23Z,0.4,100.0,VF,1300
1999-04-24Z,0.0,100.0,VF,1300
1999-04-25Z,1.0,100.0,VF,1300
1999-04-26Z,0.2,100.0,VF,1300
1999-04-27Z,0.4,100.0,VF,1300
1999-04-28Z,4.8,100.0,VF,1300
1999-04-29Z,15.3,100.0,VF,1300
1999-04-30Z,0.0,100.0,VF,1300
1999-04-01Z,1.4,100.0,VH,1300
1999-04-02Z,0.2,100.0,VH,1300
1999-04-03Z,0.0,100.0,VH,1300
1999-04-04Z,0.0,100.0,VH,1300
1999-04-05Z,0.0,100.0,VH,1300
1999-04-06Z,0.0,100.0,VH,1300
1999-04-07Z,0.0,100.0,VH,1300
1999-04-08Z,0.0,100.0,VH,1300
1999-04-09Z,0.0,100.0,VH,1300
1999-04-10Z,0.0,100.0,VH,1300
1999-04-11Z,0.0,100.0,VH,1300
1999-04-12Z,0.0,100.0,VH,1300
1999-04-13Z,0.0,100.0,VH,1300
1999-04-14Z,0.0,100.0,VH,1300
1999-04-15Z,0.4,100.0,VH,1300
1999-04-16Z,4.6,100.0,VH,1300
1999-04-17Z,0.8,100.0,VH,1300
1999-04-18Z,0.0,100.0,VH,1300
1999-04-19Z,0.0,100.0,VH,1300
1999-04-20Z,0.0,100.0,VH,1300
1999-04-21Z,1.8,100.0,VH,1300
1999-04-22Z,0.2,100.0,VH,1300
1999-04-23Z,0.0,100.0,VH,1300
1999-04-24Z,0.0,100.0,VH,1300
1999-04-25Z,1.2,100.0,VH,1300
1999-04-26Z,0.0,100.0,VH,1300
1999-04-27Z,0.4,100.0,VH,1300
1999-04-28Z,9.6,100.0,VH,1300
1999-04-29Z,2.0,100.0,VH,1300
1999-04-30Z,0.0,100.0,VH,1300
1999-04-01Z,0.0,100.0,VI,1300
1999-04-02Z,0.0,100.0,VI,1300
1999-04-03Z,0.0,100.0,VI,1300
1999-04-04Z,0.0,100.0,VI,1300
1999-04-05Z,0.0,100.0,VI,1300
1999-04-06Z,0.0,100.0,VI,1300
1999-04-07Z,0.0,100.0,VI,1300
1999-04-08Z,0.0,100.0,VI,1300
1999-04-09Z,0.0,100.0,VI,1300
1999-04-10Z,0.0,100.0,VI,1300
1999-04-11Z,0.0,100.0,VI,1300
1999-04-12Z,0.0,100.0,VI,1300
1999-04-13Z,0.0,100.0,VI,1300
1999-04-14Z,0.0,100.0,VI,1300
1999-04-15Z,1.8,100.0,VI,1300
1999-04-16Z,3.8,100.0,VI,1300
1999-04-17Z,1.2,100.0,VI,1300
1999-04-18Z,0.0,100.0,VI,1300
1999-04-19Z,0.0,100.0,VI,1300
1999-04-20Z,0.0,100.0,VI,1300
1999-04-21Z,1.4,100.0,VI,1300
1999-04-22Z,0.8,100.0,VI,1300
1999-04-23Z,0.6,100.0,VI,1300
1999-04-24Z,0.0,100.0,VI,1300
1999-04-25Z,1.2,100.0,VI,1300
1999-04-26Z,0.0,100.0,VI,1300
1999-04-27Z,0.6,100.0,VI,1300
1999-04-28Z,7.4,100.0,VI,1300
1999-04-29Z,5.6,100.0,VI,1300
1999-04-30Z,0.2,100.0,VI,1300
1999-04-01Z,0.0,100.0,VJ,1300
1999-04-02Z,0.2,100.0,VJ,1300
1999-04-03Z,0.0,100.0,VJ,1300
1999-04-04Z,0.0,100.0,VJ,1300
1999-04-05Z,0.0,100.0,VJ,1300
1999-04-06Z,0.0,100.0,VJ,1300
1999-04-07Z,0.2,100.0,VJ,1300
1999-04-08Z,0.0,100.0,VJ,1300
1999-04-09Z,0.0,100.0,VJ,1300
1999-04-10Z,0.0,100.0,VJ,1300
1999-04-11Z,0.0,100.0,VJ,1300
1999-04-12Z,0.0,100.0,VJ,1300
1999-04-13Z,0.0,100.0,VJ,1300
1999-04-14Z,0.0,100.0,VJ,1300
1999-04-15Z,4.6,100.0,VJ,1300
1999-04-16Z,3.8,100.0,VJ,1300
1999-04-17Z,1.2,100.0,VJ,1300
1999-04-18Z,0.0,100.0,VJ,1300
1999-04-19Z,0.0,100.0,VJ,1300
1999-04-20Z,0.0,100.0,VJ,1300
1999-04-21Z,1.2,100.0,VJ,1300
1999-04-22Z,0.4,100.0,VJ,1300
1999-04-23Z,1.2,100.0,VJ,1300
1999-04-24Z,0.0,100.0,VJ,1300
1999-04-25Z,1.6,100.0,VJ,1300
1999-04-26Z,0.2,100.0,VJ,1300
1999-04-27Z,0.0,100.0,VJ,1300
1999-04-28Z,8.6,100.0,VJ,1300
1999-04-29Z,15.1,100.0,VJ,1300
1999-04-30Z,0.2,100.0,VJ,1300
1999-04-01Z,1.5,100.0,VK,1300
1999-04-02Z,0.2,100.0,VK,1300
1999-04-03Z,0.0,100.0,VK,1300
1999-04-04Z,0.0,100.0,VK,1300
1999-04-05Z,0.0,100.0,VK,1300
1999-04-06Z,0.0,100.0,VK,1300
1999-04-07Z,0.0,100.0,VK,1300
1999-04-08Z,0.0,100.0,VK,1300
1999-04-09Z,0.0,100.0,VK,1300
1999-04-10Z,0.0,100.0,VK,1300
1999-04-11Z,0.0,100.0,VK,1300
1999-04-12Z,0.0,100.0,VK,1300
1999-04-13Z,0.0,100.0,VK,1300
1999-04-14Z,0.0,100.0,VK,1300
1999-04-15Z,0.4,100.0,VK,1300
1999-04-16Z,4.1,100.0,VK,1300
1999-04-17Z,2.2,100.0,VK,1300
1999-04-18Z,0.0,100.0,VK,1300
1999-04-19Z,0.0,100.0,VK,1300
1999-04-20Z,0.0,100.0,VK,1300
1999-04-21Z,2.5,100.0,VK,1300
1999-04-22Z,0.2,100.0,VK,1300
1999-04-23Z,0.2,100.0,VK,1300
1999-04-24Z,0.0,100.0,VK,1300
1999-04-25Z,1.3,100.0,VK,1300
1999-04-26Z,0.2,100.0,VK,1300
1999-04-27Z,0.2,100.0,VK,1300
1999-04-28Z,12.5,100.0,VK,1300
1999-04-29Z,1.8,100.0,VK,1300
1999-04-30Z,0.2,100.0,VK,1300
1999-04-01Z,0.0,100.0,VL,1300
1999-04-02Z,0.0,100.0,VL,1300
1999-04-03Z,0.0,100.0,VL,1300
1999-04-04Z,0.0,100.0,VL,1300
1999-04-05Z,0.0,100.0,VL,1300
1999-04-06Z,0.0,100.0,VL,1300
1999-04-07Z,0.0,100.0,VL,1300
1999-04-08Z,0.0,100.0,VL,1300
1999-04-09Z,0.0,100.0,VL,1300
1999-04-10Z,0.0,100.0,VL,1300
1999-04-11Z,0.0,100.0,VL,1300
1999-04-12Z,0.0,100.0,VL,1300
1999-04-13Z,0.0,100.0,VL,1300
1999-04-14Z,0.0,100.0,VL,1300
1999-04-15Z,0.4,100.0,VL,1300
1999-04-16Z,5.4,100.0,VL,1300
1999-04-17Z,0.6,100.0,VL,1300
1999-04-18Z,0.0,100.0,VL,1300
1999-04-19Z,0.0,100.0,VL,1300
1999-04-20Z,0.0,100.0,VL,1300
1999-04-21Z,0.6,100.0,VL,1300
1999-04-22Z,0.0,100.0,VL,1300
1999-04-23Z,0.8,100.0,VL,1300
1999-04-24Z,0.0,100.0,VL,1300
1999-04-25Z,0.8,100.0,VL,1300
1999-04-26Z,0.6,100.0,VL,1300
1999-04-27Z,0.4,100.0,VL,1300
1999-04-28Z,11.2,100.0,VL,1300
1999-04-29Z,5.4,100.0,VL,1300
1999-04-30Z,0.2,100.0,VL,1300
1999-04-01Z,0.8,100.0,VM,1300
1999-04-02Z,0.2,100.0,VM,1300
1999-04-03Z,0.0,100.0,VM,1300
1999-04-04Z,0.0,100.0,VM,1300
1999-04-05Z,0.0,100.0,VM,1300
1999-04-06Z,0.0,100.0,VM,1300
1999-04-07Z,0.0,100.0,VM,1300
1999-04-08Z,0.0,100.0,VM,1300
1999-04-09Z,0.0,100.0,VM,1300
1999-04-10Z,0.0,100.0,VM,1300
1999-04-11Z,0.0,100.0,VM,1300
1999-04-12Z,0.0,100.0,VM,1300
1999-04-13Z,0.0,100.0,VM,1300
1999-04-14Z,0.0,100.0,VM,1300
1999-04-15Z,1.4,100.0,VM,1300
1999-04-16Z,4.6,100.0,VM,1300
1999-04-17Z,3.0,100.0,VM,1300
1999-04-18Z,0.0,100.0,VM,1300
1999-04-19Z,0.0,100.0,VM,1300
1999-04-20Z,0.0,100.0,VM,1300
1999-04-21Z,1.4,100.0,VM,1300
1999-04-22Z,1.2,100.0,VM,1300
1999-04-23Z,2.0,100.0,VM,1300
1999-04-24Z,0.0,100.0,VM,1300
1999-04-25Z,1.4,100.0,VM,1300
1999-04-26Z,0.0,100.0,VM,1300
1999-04-27Z,0.2,100.0,VM,1300
1999-04-28Z,11.2,100.0,VM,1300
1999-04-29Z,1.0,100.0,VM,1300
1999-04-30Z,0.2,100.0,VM,1300
1999-04-01Z,0.0,100.0,VO,1300
1999-04-02Z,0.0,100.0,VO,1300
1999-04-03Z,0.0,100.0,VO,1300
1999-04-04Z,0.0,100.0,VO,1300
1999-04-05Z,0.0,100.0,VO,1300
1999-04-06Z,0.0,100.0,VO,1300
1999-04-07Z,0.0,100.0,VO,1300
1999-04-08Z,2.2,100.0,VO,1300
1999-04-09Z,0.0,100.0,VO,1300
1999-04-10Z,0.0,100.0,VO,1300
1999-04-11Z,0.0,100.0,VO,1300
1999-04-12Z,0.0,100.0,VO,1300
1999-04-13Z,0.0,100.0,VO,1300
1999-04-14Z,0.0,100.0,VO,1300
1999-04-15Z,21.2,100.0,VO,1300
1999-04-16Z,3.0,100.0,VO,1300
1999-04-17Z,0.2,100.0,VO,1300
1999-04-18Z,0.0,100.0,VO,1300
1999-04-19Z,0.0,100.0,VO,1300
1999-04-20Z,0.0,100.0,VO,1300
1999-04-21Z,2.2,100.0,VO,1300
1999-04-22Z,4.2,100.0,VO,1300
1999-04-23Z,2.8,100.0,VO,1300
1999-04-24Z,0.0,100.0,VO,1300
1999-04-25Z,11.4,100.0,VO,1300
1999-04-26Z,3.0,100.0,VO,1300
1999-04-27Z,1.4,100.0,VO,1300
1999-04-28Z,12.0,100.0,VO,1300
1999-04-29Z,0.2,100.0,VO,1300
1999-04-30Z,0.0,100.0,VO,1300
1999-04-01Z,0.0,100.0,VP,1300
1999-04-02Z,0.2,100.0,VP,1300
1999-04-03Z,0.0,100.0,VP,1300
1999-04-04Z,0.0,100.0,VP,1300
1999-04-05Z,0.0,100.0,VP,1300
1999-04-06Z,0.0,100.0,VP,1300
1999-04-07Z,0.0,100.0,VP,1300
1999-04-08Z,0.0,100.0,VP,1300
1999-04-09Z,0.0,100.0,VP,1300
1999-04-10Z,0.0,100.0,VP,1300
1999-04-11Z,0.0,100.0,VP,1300
1999-04-12Z,1.4,100.0,VP,1300
1999-04-13Z,0.0,100.0,VP,1300
1999-04-14Z,0.0,100.0,VP,1300
1999-04-15Z,12.0,100.0,VP,1300
1999-04-16Z,10.0,100.0,VP,1300
1999-04-17Z,1.6,100.0,VP,1300
1999-04-18Z,0.0,100.0,VP,1300
1999-04-19Z,0.0,100.0,VP,1300
1999-04-20Z,0.0,100.0,VP,1300
1999-04-21Z,0.8,100.0,VP,1300
1999-04-22Z,2.2,100.0,VP,1300
1999-04-23Z,0.4,100.0,VP,1300
1999-04-24Z,0.0,100.0,VP,1300
1999-04-25Z,4.8,100.0,VP,1300
1999-04-26Z,1.0,100.0,VP,1300
1999-04-27Z,0.2,100.0,VP,1300
1999-04-28Z,7.4,100.0,VP,1300
1999-04-29Z,7.0,100.0,VP,1300
1999-04-30Z,0.2,100.0,VP,1300
1999-04-01Z,0.4,100.0,VQ,1300
1999-04-02Z,0.0,100.0,VQ,1300
1999-04-03Z,0.0,100.0,VQ,1300
1999-04-04Z,0.0,100.0,VQ,1300
1999-04-05Z,0.0,100.0,VQ,1300
1999-04-06Z,0.2,100.0,VQ,1300
1999-04-07Z,0.0,100.0,VQ,1300
1999-04-08Z,0.0,100.0,VQ,1300
1999-04-09Z,0.0,100.0,VQ,1300
1999-04-10Z,0.0,100.0,VQ,1300
1999-04-11Z,0.0,100.0,VQ,1300
1999-04-12Z,0.0,100.0,VQ,1300
1999-04-13Z,0.0,100.0,VQ,1300
1999-04-14Z,0.0,100.0,VQ,1300
1999-04-15Z,14.5,100.0,VQ,1300
1999-04-16Z,1.0,100.0,VQ,1300
1999-04-17Z,0.4,100.0,VQ,1300
1999-04-18Z,0.0,100.0,VQ,1300
1999-04-19Z,0.0,100.0,VQ,1300
1999-04-20Z,0.0,100.0,VQ,1300
1999-04-21Z,0.0,100.0,VQ,1300
1999-04-22Z,0.0,100.0,VQ,1300
1999-04-23Z,0.2,100.0,VQ,1300
1999-04-24Z,0.0,100.0,VQ,1300
1999-04-25Z,0.4,100.0,VQ,1300
1999-04-26Z,0.2,100.0,VQ,1300
1999-04-27Z,8.1,100.0,VQ,1300
1999-04-28Z,14.2,100.0,VQ,1300
1999-04-29Z,0.2,100.0,VQ,1300
1999-04-30Z,0.2,100.0,VQ,1300
1999-04-01Z,0.2,100.0,VR,1300
1999-04-02Z,0.0,100.0,VR,1300
1999-04-03Z,0.0,100.0,VR,1300
1999-04-04Z,0.0,100.0,VR,1300
1999-04-05Z,0.0,100.0,VR,1300
1999-04-06Z,0.0,100.0,VR,1300
1999-04-07Z,0.0,100.0,VR,1300
1999-04-08Z,0.0,100.0,VR,1300
1999-04-09Z,0.0,100.0,VR,1300
1999-04-10Z,0.0,100.0,VR,1300
1999-04-11Z,0.0,100.0,VR,1300
1999-04-12Z,0.0,100.0,VR,1300
1999-04-13Z,0.0,100.0,VR,1300
1999-04-14Z,0.0,100.0,VR,1300
1999-04-15Z,16.2,100.0,VR,1300
1999-04-16Z,2.6,100.0,VR,1300
1999-04-17Z,1.8,100.0,VR,1300
1999-04-18Z,0.0,100.0,VR,1300
1999-04-19Z,0.0,100.0,VR,1300
1999-04-20Z,0.0,100.0,VR,1300
1999-04-21Z,1.0,100.0,VR,1300
1999-04-22Z,2.0,100.0,VR,1300
1999-04-23Z,0.0,100.0,VR,1300
1999-04-24Z,0.0,100.0,VR,1300
1999-04-25Z,4.4,100.0,VR,1300
1999-04-26Z,0.2,100.0,VR,1300
1999-04-27Z,0.8,100.0,VR,1300
1999-04-28Z,8.8,100.0,VR,1300
1999-04-29Z,3.4,100.0,VR,1300
1999-04-30Z,0.0,100.0,VR,1300
1999-04-01Z,0.0,100.0,VT,1300
1999-04-02Z,0.0,100.0,VT,1300
1999-04-03Z,0.0,100.0,VT,1300
1999-04-04Z,0.0,100.0,VT,1300
1999-04-05Z,0.0,100.0,VT,1300
1999-04-06Z,0.0,100.0,VT,1300
1999-04-07Z,0.0,100.0,VT,1300
1999-04-08Z,0.2,100.0,VT,1300
1999-04-09Z,0.0,100.0,VT,1300
1999-04-10Z,0.0,100.0,VT,1300
1999-04-11Z,0.2,100.0,VT,1300
1999-04-12Z,0.4,100.0,VT,1300
1999-04-13Z,0.2,100.0,VT,1300
1999-04-14Z,0.4,100.0,VT,1300
1999-04-15Z,11.6,100.0,VT,1300
1999-04-16Z,1.4,100.0,VT,1300
1999-04-17Z,0.2,100.0,VT,1300
1999-04-18Z,0.0,100.0,VT,1300
1999-04-19Z,0.0,100.0,VT,1300
1999-04-20Z,0.0,100.0,VT,1300
1999-04-21Z,0.0,100.0,VT,1300
1999-04-22Z,0.0,100.0,VT,1300
1999-04-23Z,0.4,100.0,VT,1300
1999-04-24Z,0.2,100.0,VT,1300
1999-04-25Z,0.0,100.0,VT,1300
1999-04-26Z,0.6,100.0,VT,1300
1999-04-27Z,0.0,100.0,VT,1300
1999-04-28Z,5.4,100.0,VT,1300
1999-04-29Z,0.0,100.0,VT,1300
1999-04-30Z,0.0,100.0,VT,1300
1999-04-01Z,0.0,100.0,VU,1300
1999-04-02Z,0.0,100.0,VU,1300
1999-04-03Z,0.0,100.0,VU,1300
1999-04-04Z,0.0,100.0,VU,1300
1999-04-05Z,0.0,100.0,VU,1300
1999-04-06Z,0.0,100.0,VU,1300
1999-04-07Z,0.0,100.0,VU,1300
1999-04-08Z,0.0,100.0,VU,1300
1999-04-09Z,0.0,100.0,VU,1300
1999-04-10Z,0.0,100.0,VU,1300
1999-04-11Z,0.0,100.0,VU,1300
1999-04-12Z,0.0,100.0,VU,1300
1999-04-13Z,0.0,100.0,VU,1300
1999-04-14Z,0.0,100.0,VU,1300
1999-04-15Z,31.8,100.0,VU,1300
1999-04-16Z,0.8,100.0,VU,1300
1999-04-17Z,0.0,100.0,VU,1300
1999-04-18Z,0.0,100.0,VU,1300
1999-04-19Z,0.0,100.0,VU,1300
1999-04-20Z,0.0,100.0,VU,1300
1999-04-21Z,0.0,100.0,VU,1300
1999-04-22Z,0.4,100.0,VU,1300
1999-04-23Z,0.2,100.0,VU,1300
1999-04-24Z,0.0,100.0,VU,1300
1999-04-25Z,0.0,100.0,VU,1300
1999-04-26Z,1.6,100.0,VU,1300
1999-04-27Z,0.0,100.0,VU,1300
1999-04-28Z,3.8,100.0,VU,1300
1999-04-29Z,3.0,100.0,VU,1300
1999-04-30Z,0.0,100.0,VU,1300
1999-04-01Z,0.0,100.0,VV,1300
1999-04-02Z,0.0,100.0,VV,1300
1999-04-03Z,0.0,100.0,VV,1300
1999-04-04Z,0.0,100.0,VV,1300
1999-04-05Z,0.0,100.0,VV,1300
1999-04-06Z,0.0,100.0,VV,1300
1999-04-07Z,0.2,100.0,VV,1300
1999-04-08Z,0.0,100.0,VV,1300
1999-04-09Z,0.0,100.0,VV,1300
1999-04-10Z,0.0,100.0,VV,1300
1999-04-11Z,7.2,100.0,VV,1300
1999-04-12Z,0.2,100.0,VV,1300
1999-04-13Z,0.0,100.0,VV,1300
1999-04-14Z,0.0,100.0,VV,1300
1999-04-15Z,25.2,100.0,VV,1300
1999-04-16Z,1.2,100.0,VV,1300
1999-04-17Z,0.2,100.0,VV,1300
1999-04-18Z,0.0,100.0,VV,1300
1999-04-19Z,0.0,100.0,VV,1300
1999-04-20Z,0.0,100.0,VV,1300
1999-04-21Z,0.0,100.0,VV,1300
1999-04-22Z,0.0,100.0,VV,1300
1999-04-23Z,0.0,100.0,VV,1300
1999-04-24Z,0.0,100.0,VV,1300
1999-04-25Z,0.0,100.0,VV,1300
1999-04-26Z,7.8,100.0,VV,1300
1999-04-27Z,0.2,100.0,VV,1300
1999-04-28Z,6.0,100.0,VV,1300
1999-04-29Z,2.0,100.0,VV,1300
1999-04-30Z,0.0,100.0,VV,1300
1999-04-01Z,0.0,100.0,VW,1300
1999-04-02Z,0.0,100.0,VW,1300
1999-04-03Z,0.0,100.0,VW,1300
1999-04-04Z,0.0,100.0,VW,1300
1999-04-05Z,0.0,100.0,VW,1300
1999-04-06Z,0.0,100.0,VW,1300
1999-04-07Z,0.0,100.0,VW,1300
1999-04-08Z,0.0,100.0,VW,1300
1999-04-09Z,0.0,100.0,VW,1300
1999-04-10Z,0.0,100.0,VW,1300
1999-04-11Z,2.8,100.0,VW,1300
1999-04-12Z,0.0,100.0,VW,1300
1999-04-13Z,0.0,100.0,VW,1300
1999-04-14Z,0.0,100.0,VW,1300
1999-04-15Z,8.6,100.0,VW,1300
1999-04-16Z,0.4,100.0,VW,1300
1999-04-17Z,0.0,100.0,VW,1300
1999-04-18Z,0.0,100.0,VW,1300
1999-04-19Z,0.0,100.0,VW,1300
1999-04-20Z,0.0,100.0,VW,1300
1999-04-21Z,0.2,100.0,VW,1300
1999-04-22Z,0.0,100.0,VW,1300
1999-04-23Z,0.0,100.0,VW,1300
1999-04-24Z,0.0,100.0,VW,1300
1999-04-25Z,0.0,100.0,VW,1300
1999-04-26Z,1.6,100.0,VW,1300
1999-04-27Z,0.2,100.0,VW,1300
1999-04-28Z,0.8,100.0,VW,1300
1999-04-29Z,0.2,100.0,VW,1300
1999-04-30Z,0.0,100.0,VW,1300
1999-04-01Z,0.8,100.0,VX,1300
1999-04-02Z,0.0,100.0,VX,1300
1999-04-03Z,0.0,100.0,VX,1300
1999-04-04Z,0.0,100.0,VX,1300
1999-04-05Z,0.0,100.0,VX,1300
1999-04-06Z,0.0,100.0,VX,1300
1999-04-07Z,0.0,100.0,VX,1300
1999-04-08Z,0.0,100.0,VX,1300
1999-04-09Z,0.0,100.0,VX,1300
1999-04-10Z,0.0,100.0,VX,1300
1999-04-11Z,0.0,100.0,VX,1300
1999-04-12Z,0.0,100.0,VX,1300
1999-04-13Z,0.0,100.0,VX,1300
1999-04-14Z,0.0,100.0,VX,1300
1999-04-15Z,0.0,100.0,VX,1300
1999-04-16Z,0.2,100.0,VX,1300
1999-04-17Z,0.0,100.0,VX,1300
1999-04-18Z,0.0,100.0,VX,1300
1999-04-19Z,0.0,100.0,VX,1300
1999-04-20Z,0.0,100.0,VX,1300
1999-04-21Z,0.0,100.0,VX,1300
1999-04-22Z,0.0,100.0,VX,1300
1999-04-23Z,0.0,100.0,VX,1300
1999-04-24Z,0.0,100.0,VX,1300
1999-04-25Z,0.0,100.0,VX,1300
1999-04-26Z,5.0,100.0,VX,1300
1999-04-27Z,0.2,100.0,VX,1300
1999-04-28Z,16.8,100.0,VX,1300
1999-04-29Z,1.6,100.0,VX,1300
1999-04-30Z,0.0,100.0,VX,1300
1999-04-01Z,0.0,100.0,WH,1300
1999-04-02Z,0.0,100.0,WH,1300
1999-04-03Z,0.0,100.0,WH,1300
1999-04-04Z,0.0,100.0,WH,1300
1999-04-05Z,0.0,100.0,WH,1300
1999-04-06Z,0.0,100.0,WH,1300
1999-04-07Z,0.0,100.0,WH,1300
1999-04-08Z,0.0,100.0,WH,1300
1999-04-09Z,0.0,100.0,WH,1300
1999-04-10Z,0.0,100.0,WH,1300
1999-04-11Z,0.0,100.0,WH,1300
1999-04-12Z,0.0,100.0,WH,1300
1999-04-13Z,0.0,100.0,WH,1300
1999-04-14Z,0.0,100.0,WH,1300
1999-04-15Z,8.4,100.0,WH,1300
1999-04-16Z,3.2,100.0,WH,1300
1999-04-17Z,2.2,100.0,WH,1300
1999-04-18Z,0.0,100.0,WH,1300
1999-04-19Z,0.0,100.0,WH,1300
1999-04-20Z,0.0,100.0,WH,1300
1999-04-21Z,2.2,100.0,WH,1300
1999-04-22Z,1.4,100.0,WH,1300
1999-04-23Z,0.4,100.0,WH,1300
1999-04-24Z,0.0,100.0,WH,1300
1999-04-25Z,4.0,100.0,WH,1300
1999-04-26Z,0.0,100.0,WH,1300
1999-04-27Z,0.4,100.0,WH,1300
1999-04-28Z,11.4,100.0,WH,1300
1999-04-29Z,3.0,100.0,WH,1300
1999-04-30Z,0.0,100.0,WH,1300
1999-04-01Z,1.4,100.0,WK,1300
1999-04-02Z,0.0,100.0,WK,1300
1999-04-03Z,0.0,100.0,WK,1300
1999-04-04Z,0.0,100.0,WK,1300
1999-04-05Z,0.0,100.0,WK,1300
1999-04-06Z,0.0,100.0,WK,1300
1999-04-07Z,0.0,100.0,WK,1300
1999-04-08Z,0.0,100.0,WK,1300
1999-04-09Z,0.0,100.0,WK,1300
1999-04-10Z,0.0,100.0,WK,1300
1999-04-11Z,0.0,100.0,WK,1300
1999-04-12Z,0.0,100.0,WK,1300
1999-04-13Z,0.0,100.0,WK,1300
1999-04-14Z,0.0,100.0,WK,1300
1999-04-15Z,0.0,100.0,WK,1300
1999-04-16Z,6.1,100.0,WK,1300
1999-04-17Z,2.2,100.0,WK,1300
1999-04-18Z,0.0,100.0,WK,1300
1999-04-19Z,0.0,100.0,WK,1300
1999-04-20Z,0.0,100.0,WK,1300
1999-04-21Z,2.2,100.0,WK,1300
1999-04-22Z,1.0,100.0,WK,1300
1999-04-23Z,1.4,100.0,WK,1300
1999-04-24Z,0.0,100.0,WK,1300
1999-04-25Z,0.8,100.0,WK,1300
1999-04-26Z,0.0,100.0,WK,1300
1999-04-27Z,0.0,100.0,WK,1300
1999-04-28Z,7.4,100.0,WK,1300
1999-04-29Z,0.8,100.0,WK,1300
1999-04-30Z,0.2,100.0,WK,1300
1999-04-02Z,0.0,95.8,AN,1300
1999-04-04Z,0.0,95.8,AN,1300
1999-04-05Z,0.0,95.8,AN,1300
1999-04-06Z,0.0,100.0,AN,1300
1999-04-07Z,0.0,100.0,AN,1300
1999-04-08Z,0.0,100.0,AN,1300
1999-04-10Z,0.0,95.8,AN,1300
1999-04-11Z,1.2,95.8,AN,1300
1999-04-12Z,0.6,95.8,AN,1300
1999-04-13Z,0.0,95.8,AN,1300
1999-04-16Z,2.2,97.9,AN,1300
1999-04-17Z,0.0,97.9,AN,1300
1999-04-18Z,0.0,100.0,AN,1300
1999-04-19Z,0.0,95.8,AN,1300
1999-04-20Z,0.0,97.9,AN,1300
1999-04-21Z,0.0,100.0,AN,1300
1999-04-22Z,0.0,95.8,AN,1300
1999-04-23Z,0.4,97.9,AN,1300
1999-04-25Z,0.0,100.0,AN,1300
1999-04-26Z,0.0,97.9,AN,1300
1999-04-28Z,0.6,97.9,AN,1300
1999-04-29Z,0.0,100.0,AN,1300
1999-04-30Z,0.0,95.8,AN,1300
1999-04-10Z,0.0,100.0,CG,1300
1999-04-11Z,0.0,100.0,CG,1300
1999-04-12Z,0.8,100.0,CG,1300
1999-04-13Z,0.0,100.0,CG,1300
1999-04-14Z,0.0,100.0,CG,1300
1999-04-15Z,23.2,100.0,CG,1300
1999-04-16Z,0.0,100.0,CG,1300
1999-04-17Z,0.0,100.0,CG,1300
1999-04-18Z,0.0,100.0,CG,1300
1999-04-19Z,0.0,100.0,CG,1300
1999-04-20Z,0.0,100.0,CG,1300
1999-04-21Z,0.2,100.0,CG,1300
1999-04-22Z,8.6,100.0,CG,1300
1999-04-23Z,9.2,100.0,CG,1300
1999-04-24Z,0.0,100.0,CG,1300
1999-04-25Z,3.4,100.0,CG,1300
1999-04-26Z,31.0,100.0,CG,1300
1999-04-27Z,17.0,100.0,CG,1300
1999-04-28Z,7.4,100.0,CG,1300
1999-04-29Z,3.8,100.0,CG,1300
1999-04-30Z,0.0,100.0,CG,1300
1999-04-12Z,0.6,100.0,CB,1300
1999-04-13Z,0.0,100.0,CB,1300
1999-04-14Z,0.0,100.0,CB,1300
1999-04-15Z,29.2,100.0,CB,1300
1999-04-16Z,0.6,100.0,CB,1300
1999-04-17Z,0.0,100.0,CB,1300
1999-04-18Z,0.0,100.0,CB,1300
1999-04-19Z,0.0,100.0,CB,1300
1999-04-20Z,0.0,100.0,CB,1300
1999-04-21Z,0.0,100.0,CB,1300
1999-04-22Z,7.6,100.0,CB,1300
1999-04-23Z,0.0,100.0,CB,1300
1999-04-24Z,0.0,100.0,CB,1300
1999-04-25Z,1.4,100.0,CB,1300
1999-04-26Z,10.8,100.0,CB,1300
1999-04-27Z,5.2,100.0,CB,1300
1999-04-28Z,0.8,100.0,CB,1300
1999-04-29Z,3.2,100.0,CB,1300
1999-04-30Z,0.0,100.0,CB,1300
1999-04-16Z,1.8,100.0,CS,1300
1999-04-17Z,1.8,100.0,CS,1300
1999-04-18Z,0.0,100.0,CS,1300
1999-04-19Z,0.0,100.0,CS,1300
1999-04-20Z,0.0,100.0,CS,1300
1999-04-21Z,0.0,100.0,CS,1300
1999-04-22Z,0.4,100.0,CS,1300
