codi,nom,slug,coordenades.latitud,coordenades.longitud,comarca.codi,comarca.nom
250019,Abella de la Conca,,42.16128709700006,1.0917060449996343,25,Pallars Jussà
080018,Abrera,,41.51625790100007,1.902237925000048,11,Baix Llobregat
250024,Àger,,41.999215352000085,0.7635377819988862,23,Noguera
250030,Agramunt,,41.78696983600002,1.0986354439996295,38,Urgell
080023,Aguilar de Segarra,,41.73892912800005,1.63096322299999,7,Bages
170010,Agullana,,42.39409785800005,2.8463856160000116,2,Alt Empordà
080142,Aiguafreda,,41.768485673000036,2.250135636000029,41,Vallès Oriental
430017,Aiguamúrcia,,41.34655112100005,1.3631044819998897,1,Alt Camp
170025,Aiguaviva,,41.938086425000044,2.7623754140000676,20,Gironès
250387,Aitona,,41.49461038900005,0.4589834539969717,33,Segrià
250058,Alàs i Cerc,,42.351629920000036,1.5081726609999846,4,Alt Urgell
170031,Albanyà,,42.304746628000025,2.7201080230000145,2,Alt Empordà
250077,Albatàrrec,,41.57307861800006,0.6053761499980439,33,Segrià
250083,Albesa,,41.75071608300004,0.6594859339983601,23,Noguera
430022,Albinyana,,41.245632533000034,1.4861847479999368,12,Baix Penedès
170046,Albons,,42.10424634400004,3.085200895000062,10,Baix Empordà
430043,Alcanar,,40.54286380100006,0.4819669309969166,22,Montsià
250100,Alcanó,,41.48044892400002,0.6171451039980834,33,Segrià
250117,Alcarràs,,41.56287361700003,0.5243184019975412,33,Segrià
250122,Alcoletge,,41.64701019700004,0.694256214998531,33,Segrià
430056,Alcover,,41.262631863000074,1.1702055379997425,1,Alt Camp
430069,Aldover,,40.87979171600005,0.5000038649971675,9,Baix Ebre
080039,Alella,,41.49384007900004,2.295144856000027,21,Maresme
430081,Alfara de Carles,,40.873757773000065,0.4002591869962757,9,Baix Ebre
250138,Alfarràs,,41.82999269300006,0.5696567299978633,33,Segrià
250143,Alfés,,41.52141772300006,0.6193391109981182,33,Segrià
430094,Alforja,,41.210454849000016,0.9752751289994241,8,Baix Camp
250156,Algerri,,41.81580708500006,0.6384895829982566,23,Noguera
250169,Alguaire,,41.73618376600006,0.5837411219979581,33,Segrià
250175,Alins,,42.54870828600007,1.3186648249998836,26,Pallars Sobirà
430108,Alió,,41.29512620700006,1.3063983949998421,1,Alt Camp
250194,Almacelles,,41.73158197300005,0.43673242499689796,33,Segrià
250208,Almatret,,41.30556556800006,0.42358211999662815,33,Segrià
250215,Almenar,,41.79806557000004,0.5673759729978477,33,Segrià
430115,Almoster,,41.198093097000005,1.113359413999662,8,Baix Camp
250220,Alòs de Balaguer,,41.91258932400005,0.9605313239994139,23,Noguera
170062,Alp,,42.373498189000024,1.8875131370000249,15,Cerdanya
080044,Alpens,,42.11926141600002,2.101142097000025,43,Lluçanès
250236,Alpicat,,41.66636077600002,0.5550791499977532,33,Segrià
430120,Altafulla,,41.142272974000036,1.3768969969999298,36,Tarragonès
250241,Alt Àneu,,42.63397363900003,1.1085752619996976,26,Pallars Sobirà
170078,Amer,,42.00913382700003,2.6032220470000222,34,Selva
430141,Amposta,,40.713452379000024,0.5810070479977337,22,Montsià
170084,Anglès,,41.956819940000045,2.637779014000037,34,Selva
250273,Anglesola,,41.65899696600007,1.0814189179996287,38,Urgell
250292,Arbeca,,41.54223831500006,0.9249660799993088,18,Garrigues
430154,Arbolí,,41.24195885700004,0.9486467209993424,8,Baix Camp
170097,Arbúcies,,41.816004313000064,2.513754624000048,34,Selva
080060,Arenys de Mar,,41.579533963000074,2.5516240930000347,21,Maresme
080076,Arenys de Munt,,41.61094994400002,2.5391652200000205,21,Maresme
170101,Argelaguer,,42.21340121200005,2.6416983570000436,19,Garrotxa
080082,Argençola,,41.59753198300007,1.4441551579999528,6,Anoia
080095,Argentona,,41.555644040000054,2.4005158990000175,21,Maresme
430189,Arnes,,40.91015257200005,0.2605196899945595,37,Terra Alta
250313,Arres,,42.754979774000056,0.7111478949987864,39,Val d'Aran
250328,Arsèguel,,42.350100719000054,1.5828769059999697,4,Alt Urgell
080109,Artés,,41.79813699400005,1.954869440000024,7,Bages
250334,Artesa de Lleida,,41.55174257600003,0.7033945979985512,33,Segrià
250349,Artesa de Segre,,41.89543837400002,1.0454739649995712,23,Noguera
430192,Ascó,,41.18090134400004,0.5671113429977042,30,Ribera d'Ebre
250365,Aspa,,41.495646829000066,0.6723206579983962,33,Segrià
080116,Avià,,42.07728595600002,1.8251571700000466,14,Berguedà
080121,Avinyó,,41.86338142800001,1.9707608110000343,7,Bages
080137,Avinyonet del Penedès,,41.36097713500005,1.7793765419999963,3,Alt Penedès
170123,Avinyonet de Puigventós,,42.24936779700003,2.915250376000065,2,Alt Empordà
080155,Badalona,,41.45002602800001,2.2477916380000145,13,Barcelonès
089045,Badia del Vallès,,41.509030112000055,2.1139051960000654,40,Vallès Occidental
080168,Bagà,,42.25285297500003,1.8626009900000138,14,Berguedà
250390,Baix Pallars,,42.32360869100007,1.064357053999605,26,Pallars Sobirà
250404,Balaguer,,41.78971866200004,0.8045889269989875,23,Noguera
080174,Balenyà,,41.81537217300005,2.2351887710000162,24,Osona
080180,Balsareny,,41.86321312000006,1.8768195180000289,7,Bages
430206,Banyeres del Penedès,,41.27936622000003,1.58080034299996,12,Baix Penedès
170157,Banyoles,,42.11639909000007,2.7637967750000505,28,Pla de l'Estany
250411,Barbens,,41.679218889000026,1.0183655449995224,27,Pla d'Urgell
430213,Barberà de la Conca,,41.410819420000045,1.2274490249998011,16,Conca de Barberà
082520,Barberà del Vallès,,41.51579636300006,2.124669407000045,40,Vallès Occidental
080193,Barcelona,,41.38240539300004,2.1772411060000443,13,Barcelonès
170160,Bàscara,,42.15956156600002,2.910176340000012,2,Alt Empordà
250447,Bassella,,42.00590676100006,1.2942936459998438,4,Alt Urgell
430228,Batea,,41.09490435300004,0.3107638669953341,37,Terra Alta
250450,Bausen,,42.83477554900002,0.7162921009987726,39,Val d'Aran
080207,Begues,,41.33017396600007,1.924677961000027,11,Baix Llobregat
170139,Begur,,41.95445697500003,3.207322639000031,10,Baix Empordà
250463,Belianes,,41.56159093100006,1.017397868999498,38,Urgell
251706,Bellaguarda,,41.33678081400005,0.7382996449986687,18,Garrigues
170182,Bellcaire d'Empordà,,42.08101114700003,3.094515203000063,10,Baix Empordà
250479,Bellcaire d'Urgell,,41.75923889700004,0.9055739789992825,23,Noguera
250485,Bell-lloc d'Urgell,,41.63002203400003,0.7795054989988659,27,Pla d'Urgell
430234,Bellmunt del Priorat,,41.16398820300001,0.765313301998756,29,Priorat
250498,Bellmunt d'Urgell,,41.77387104600005,0.9522390209993671,23,Noguera
080214,Bellprat,,41.51724732300005,1.4344545309999186,6,Anoia
250501,Bellpuig,,41.62565451800003,1.0121101049994894,38,Urgell
430249,Bellvei,,41.24134334700005,1.5764556390000115,12,Baix Penedès
250518,Bellver de Cerdanya,,42.37073001100003,1.7743872100000178,15,Cerdanya
250523,Bellvís,,41.67220363700004,0.8175272659990357,27,Pla d'Urgell
250539,Benavent de Segrià,,41.69445163400005,0.6345222359982562,33,Segrià
430252,Benifallet,,40.97430796000003,0.51798137699735,9,Baix Ebre
430265,Benissanet,,41.05667231400002,0.6351448539981075,30,Ribera d'Ebre
080229,Berga,,42.103761902000024,1.8458450870000238,14,Berguedà
170195,Besalú,,42.19888607300002,2.699326775000023,19,Garrotxa
170209,Bescanó,,41.96540335300005,2.7433651820000393,20,Gironès
170216,Beuda,,42.23712686100002,2.709811149000066,19,Garrotxa
080235,Bigues i Riells del Fai,,41.67932227000006,2.208271916000048,41,Vallès Oriental
250557,Biosca,,41.841632387000054,1.3580777569999007,35,Solsonès
172348,Biure,,42.338090057000045,2.895078275000052,2,Alt Empordà
430290,Blancafort,,41.437936993000044,1.1592239629997179,16,Conca de Barberà
170237,Blanes,,41.67403461000003,2.7916056720000513,34,Selva
170293,Boadella i les Escaules,,42.331087464000056,2.8575474280000237,2,Alt Empordà
170242,Bolvir,,42.418480250000066,1.8798635870000278,15,Cerdanya
430304,Bonastre,,41.220613860000064,1.4399137359999403,12,Baix Penedès
170255,Bordils,,42.04404495300002,2.9114980310000558,20,Gironès
170268,Borrassà,,42.22305884800004,2.92616650100006,2,Alt Empordà
080240,Borredà,,42.135636366000014,1.9939864520000452,14,Berguedà
250595,Bossòst,,42.78354193200004,0.6917055419986692,39,Val d'Aran
430326,Bot,,41.00896451900007,0.3848431439961497,37,Terra Alta
430332,Botarell,,41.13618814000005,0.9887015269994269,8,Baix Camp
250560,Bovera,,41.32654175700002,0.6389213429981957,18,Garrigues
430347,Bràfim,,41.26873801800008,1.3411366299998857,1,Alt Camp
170274,Breda,,41.74848568100001,2.5589673970000515,34,Selva
170280,Brunyola i Sant Martí Sapresa,,41.904692900000036,2.6843199150000516,34,Selva
430350,Cabacés,,41.24738483600002,0.7336646539986477,29,Priorat
250609,Cabanabona,,41.851583775000044,1.2173099109997767,23,Noguera
170314,Cabanelles,,42.23037143500004,2.819514825000047,2,Alt Empordà
170307,Cabanes,,42.30720772800003,2.9780602060000576,2,Alt Empordà
250616,Cabó,,42.23886454500007,1.2469368169998458,4,Alt Urgell
430363,Cabra del Camp,,41.395278969000046,1.2766570699998454,1,Alt Camp
080288,Cabrera d'Anoia,,41.477666434000064,1.7035444170000105,6,Anoia
080291,Cabrera de Mar,,41.52601028600001,2.393308927000012,21,Maresme
080305,Cabrils,,41.52622385800002,2.367716484000019,21,Maresme
170329,Cadaqués,,42.28825155400006,3.2758491520000264,2,Alt Empordà
080312,Calaf,,41.73406647500007,1.5112789329999499,6,Anoia
430379,Calafell,,41.200955461000035,1.5687127149999958,12,Baix Penedès
080348,Calders,,41.78927569100005,1.9913225940000403,42,Moianès
170335,Caldes de Malavella,,41.838975946000055,2.8097637680000305,34,Selva
080333,Caldes de Montbui,,41.63459071600005,2.162240111000064,41,Vallès Oriental
080327,Caldes d'Estrac,,41.572542130000045,2.527515728000017,21,Maresme
080351,Calella,,41.61327142200002,2.657217840000036,21,Maresme
080370,Calldetenes,,41.92412423800003,2.2842700160000415,24,Osona
080386,Callús,,41.781240733000054,1.7838717140000169,7,Bages
080364,Calonge de Segarra,,41.740492432000046,1.4938385619999806,6,Anoia
170340,Calonge i Sant Antoni,,41.861071845000005,3.0758384230000413,10,Baix Empordà
250621,Camarasa,,41.87525565400004,0.8777642649992191,23,Noguera
439039,Camarles,,40.771913716000014,0.6714074249982668,9,Baix Ebre
430385,Cambrils,,41.07103393000005,1.0578022779995648,8,Baix Camp
170353,Camós,,42.09382294600004,2.768048383000055,28,Pla de l'Estany
170366,Campdevànol,,42.22340907200003,2.1680051060000562,31,Ripollès
170372,Campelles,,42.29479351800005,2.141072149000015,31,Ripollès
080399,Campins,,41.72452859100007,2.4639094280000133,41,Vallès Oriental
170388,Campllong,,41.892714486000045,2.8312297830000177,20,Gironès
170391,Camprodon,,42.31152555000005,2.3650449010000236,31,Ripollès
250637,Canejan,,42.838367921000035,0.73849035699888,39,Val d'Aran
170405,Canet d'Adri,,42.03334923400006,2.737062441000026,20,Gironès
080403,Canet de Mar,,41.588484713000064,2.582425004000063,21,Maresme
080410,Canovelles,,41.62175675300006,2.276970352000025,41,Vallès Oriental
080425,Cànoves i Samalús,,41.69391936800001,2.3529437140000398,41,Vallès Oriental
170412,Cantallops,,42.422682425000055,2.925957604000067,2,Alt Empordà
080431,Canyelles,,41.28575598200006,1.722358065999993,17,Garraf
430398,Capafonts,,41.29557440000007,1.0272840829995074,8,Baix Camp
430402,Capçanes,,41.10014659100003,0.7813028389988068,29,Priorat
080446,Capellades,,41.530912122000075,1.6858141180000148,6,Anoia
170427,Capmany,,42.37262458700008,2.9209414860000518,2,Alt Empordà
080459,Capolat,,42.077236539000054,1.7531783630000466,14,Berguedà
080462,Cardedeu,,41.63829179300006,2.3553466680000295,41,Vallès Oriental
080478,Cardona,,41.913110353000015,1.680327795999991,7,Bages
080484,Carme,,41.53089786400004,1.6230452099999937,6,Anoia
430419,Caseres,,41.03856857400006,0.2505719499945145,37,Terra Alta
170448,Cassà de la Selva,,41.88485121600006,2.8742909310000666,20,Gironès
080497,Casserres,,42.014360097000065,1.8412871490000176,14,Berguedà
250642,Castellar de la Ribera,,42.02265254400003,1.415558052999927,35,Solsonès
080500,Castellar del Riu,,42.13104932300007,1.708727309999996,14,Berguedà
080517,Castellar del Vallès,,41.61855701100004,2.0876351130000224,40,Vallès Occidental
080522,Castellar de n'Hug,,42.28287514000003,2.01720835100001,14,Berguedà
080538,Castellbell i el Vilar,,41.62939236600004,1.8604781350000312,7,Bages
080543,Castellbisbal,,41.47487524200004,1.9812266350000278,40,Vallès Occidental
080556,Castellcir,,41.76073745400003,2.148900038000012,42,Moianès
250674,Castelldans,,41.49661328800005,0.7653252749988239,18,Garrigues
080569,Castelldefels,,41.28026945800008,1.9762329240000303,11,Baix Llobregat
080575,Castell de l'Areny,,42.17321606500007,1.945196781000035,14,Berguedà
259046,Castell de Mur,,42.09165825300005,0.8764298879992569,25,Pallars Jussà
080581,Castellet i la Gornal,,41.25340002000005,1.590703883000002,3,Alt Penedès
170464,Castellfollit de la Roca,,42.21949878800005,2.5496513080000143,19,Garrotxa
080594,Castellfollit del Boix,,41.66718915800003,1.683366337000014,7,Bages
080608,Castellfollit de Riubregós,,41.77607379400007,1.4375749879999453,6,Anoia
080615,Castellgalí,,41.675209486000014,1.838589454000023,7,Bages
080620,Castellnou de Bages,,41.83412970200003,1.8369107550000554,7,Bages
250680,Castellnou de Seana,,41.64822014300005,0.9712417689994493,27,Pla d'Urgell
250693,Castelló de Farfanya,,41.82026728300007,0.7273468429986691,23,Noguera
170470,Castelló d'Empúries,,42.25857657000006,3.0747919560000607,2,Alt Empordà
080636,Castellolí,,41.59831648200002,1.7003176010000156,6,Anoia
170486,Castell-Platja d'Aro,,41.817447753000074,3.0670812860000667,10,Baix Empordà
250707,Castellserà,,41.746844081000056,0.9869642849994691,38,Urgell
080641,Castellterçol,,41.751561830000064,2.1205029910000133,42,Moianès
430424,Castellvell del Camp,,41.18055339100005,1.0969072179996482,8,Baix Camp
080654,Castellví de la Marca,,41.32643173800003,1.6182102899999844,3,Alt Penedès
080667,Castellví de Rosanes,,41.45005531800006,1.8995111400000544,11,Baix Llobregat
250714,Cava,,42.325353374000024,1.5844032200000147,4,Alt Urgell
170499,Celrà,,42.026555382000026,2.8743920410000126,20,Gironès
080673,Centelles,,41.79769848500006,2.2191001190000654,24,Osona
082687,Cercs,,42.14605030600004,1.8619243900000515,14,Berguedà
082665,Cerdanyola del Vallès,,41.49102342100007,2.14071533200006,40,Vallès Occidental
080689,Cervelló,,41.39611352600008,1.9589513230000501,11,Baix Llobregat
250729,Cervera,,41.66580832300008,1.2712574689998253,32,Segarra
250735,Cervià de les Garrigues,,41.42462761900002,0.8592176109990919,18,Garrigues
170502,Cervià de Ter,,42.067236264000016,2.9106320320000147,20,Gironès
170519,Cistella,,42.268464385000065,2.848205462000058,2,Alt Empordà
250740,Ciutadilla,,41.56160701200001,1.1388133819996753,38,Urgell
250753,Clariana de Cardener,,41.93391509300005,1.6247741799999833,35,Solsonès
170545,Colera,,42.40388030900004,3.1506552240000385,2,Alt Empordà
080692,Collbató,,41.56729636900007,1.8295214940000397,11,Baix Llobregat
430458,Colldejou,,41.10005832200004,0.8883077819991565,8,Baix Camp
250772,Coll de Nargó,,42.17351957400006,1.3156457229998788,4,Alt Urgell
080706,Collsuspina,,41.82579763800003,2.1753142380000456,42,Moianès
170558,Colomers,,42.084382370000064,2.987081633000051,10,Baix Empordà
251615,Conca de Dalt,,42.24478465300006,0.9714268119994739,25,Pallars Jussà
430461,Conesa,,41.518605353000055,1.2912940899998682,16,Conca de Barberà
430477,Constantí,,41.15308727800003,1.2137274739997785,36,Tarragonès
080713,Copons,,41.63639337100005,1.5182230059999509,6,Anoia
430483,Corbera d'Ebre,,41.077729158000054,0.4781536499970145,37,Terra Alta
080728,Corbera de Llobregat,,41.41610238900005,1.927701003000023,11,Baix Llobregat
250788,Corbins,,41.690650990000044,0.6929103609985106,33,Segrià
170577,Corçà,,41.98982108300003,3.017294311000049,10,Baix Empordà
080734,Cornellà de Llobregat,,41.35517144700003,2.0701595670000645,11,Baix Llobregat
170561,Cornellà del Terri,,42.08914457500002,2.815658024000064,28,Pla de l'Estany
430496,Cornudella de Montsant,,41.26504071100003,0.9049500709992196,29,Priorat
430509,Creixell,,41.167739326000046,1.440627271999918,36,Tarragonès
170583,Crespià,,42.18778053800001,2.7979095230000355,28,Pla de l'Estany
179011,"Cruïlles, Monells i Sant Sadurní de l'Heura",,41.95641624200004,2.990943737000057,10,Baix Empordà
080749,Cubelles,,41.208250976000045,1.672526156000019,17,Garraf
250791,Cubells,,41.85274553700002,0.9571333399993995,23,Noguera
430516,Cunit,,41.19809301500004,1.6348368139999903,12,Baix Penedès
170600,Darnius,,42.36821250700005,2.8321416140000135,2,Alt Empordà
170617,Das,,42.36162040300006,1.8701141170000528,15,Cerdanya
439018,Deltebre,,40.719605168000044,0.7227775869985283,9,Baix Ebre
080752,Dosrius,,41.59467541400003,2.4058537550000576,21,Maresme
430537,Duesaigües,,41.14605326000002,0.9306920309992824,8,Baix Camp
080253,el Bruc,,41.58073444900001,1.780059384,6,Anoia
080266,el Brull,,41.816741113000035,2.305489017000061,24,Osona
430430,el Catllar,,41.17547807700004,1.3261379279998609,36,Tarragonès
250766,el Cogul,,41.46672231500002,0.6895206959984743,18,Garrigues
170059,el Far d'Empordà,,42.251947370000025,2.9963719330000256,2,Alt Empordà
430727,el Lloar,,41.18587839900003,0.7509616949987199,29,Priorat
081189,el Masnou,,41.479161716000064,2.3190181180000216,21,Maresme
430825,el Masroig,,41.12666805000003,0.7313024859986309,29,Priorat
430831,el Milà,,41.248227432000064,1.2068245139997835,1,Alt Camp
430859,el Molar,,41.163750749000016,0.7061564779984854,29,Priorat
430901,el Montmell,,41.31556392900007,1.453796684999939,12,Baix Penedès
430957,el Morell,,41.19210803000004,1.2087269429997665,36,Tarragonès
251581,el Palau d'Anglesola,,41.65164642600006,0.880824355999216,27,Pla d'Urgell
081580,el Papiol,,41.43802424900008,2.0109611690000277,11,Baix Llobregat
431042,el Perelló,,40.874960692000045,0.7120026939984809,9,Baix Ebre
431068,el Pinell de Brai,,41.01780503200007,0.5156890389973255,37,Terra Alta
081640,el Pla del Penedès,,41.41836621400005,1.710276206000025,3,Alt Penedès
431080,el Pla de Santa Maria,,41.36535633800002,1.2888262449998522,1,Alt Camp
251689,el Poal,,41.67837959400003,0.8568637809991613,27,Pla d'Urgell
431135,el Pont d'Armentera,,41.383748939000036,1.3629393749999041,1,Alt Camp
250306,el Pont de Bar,,42.37221300800007,1.6051527519999877,4,Alt Urgell
251734,el Pont de Suert,,42.40773166600007,0.7408199529988108,5,Alta Ribagorça
081825,el Pont de Vilomara i Rocafort,,41.700065815000066,1.870623959000038,7,Bages
171404,el Port de la Selva,,42.33859808700003,3.204538206000043,2,Alt Empordà
081691,el Prat de Llobregat,,41.33073627200002,2.093044846000044,11,Baix Llobregat
431346,el Rourell,,41.224874495000044,1.217774331999765,1,Alt Camp
250045,els Alamús,,41.61570667000005,0.7385506679987399,33,Segrià
430666,els Garidells,,41.20726470800001,1.247606439999788,1,Alt Camp
430705,els Guiamets,,41.10184910600003,0.7529651869986892,29,Priorat
081629,els Hostalets de Pierola,,41.53379831100004,1.7707521250000313,6,Anoia
252069,el Soleràs,,41.41409377300004,0.6816286899984071,18,Garrigues
251538,els Omellons,,41.50112440400004,0.9599068489993895,18,Garrigues
251543,els Omells de na Gaia,,41.50068029200003,1.0751047799996185,38,Urgell
431009,els Pallaresos,,41.17535981500002,1.2718574129998017,36,Tarragonès
259118,els Plans de Sió,,41.761371052000065,1.197033471999769,32,Segarra
081705,els Prats de Rei,,41.705537756000055,1.542081512999958,6,Anoia
252249,els Torms,,41.39442802800005,0.7190205609985891,18,Garrigues
431634,el Vendrell,,41.220122320000016,1.5350955089999554,12,Baix Penedès
252537,el Vilosell,,41.38329641200005,0.9466025299993666,18,Garrigues
250576,Es Bòrdes,,42.738039379000035,0.7192369089988219,39,Val d'Aran
080765,Esparreguera,,41.53896619300007,1.8707085360000328,11,Baix Llobregat
170638,Espinelves,,41.86886641900003,2.4178807720000375,24,Osona
080771,Esplugues de Llobregat,,41.37769776800007,2.087992374000055,11,Baix Llobregat
170643,Espolla,,42.39127293000007,3.0006901690000434,2,Alt Empordà
170656,Esponellà,,42.17735796400006,2.797006406000028,28,Pla de l'Estany
250827,Espot,,42.57540927700005,1.0899740159996683,26,Pallars Sobirà
250886,Estamariu,,42.37343375000005,1.5228389039999548,4,Alt Urgell
250851,Estaràs,,41.691960755000004,1.378411545999916,32,Segarra
250864,Esterri d'Àneu,,42.62829781700001,1.1232351739997295,26,Pallars Sobirà
250870,Esterri de Cardós,,42.59221472100006,1.2620412809998547,26,Pallars Sobirà
430555,Falset,,41.14618499300007,0.8201186649989716,29,Priorat
250899,Farrera,,42.504999613000045,1.27115291699986,26,Pallars Sobirà
081347,Figaró-Montmany,,41.72169934400006,2.273365617000015,41,Vallès Oriental
080804,Fígols,,42.18100614500002,1.8367615740000156,14,Berguedà
259084,Fígols i Alinyà,,42.20272920000008,1.340241293999915,4,Alt Urgell
170669,Figueres,,42.26720960200003,2.960886614000051,2,Alt Empordà
430593,Figuerola del Camp,,41.37191524000008,1.2653165799998258,1,Alt Camp
170675,Flaçà,,42.047097397000066,2.958136745000038,20,Gironès
430607,Flix,,41.23128180700006,0.5499464509976154,30,Ribera d'Ebre
080826,Fogars de la Selva,,41.73509888200005,2.671432557000051,34,Selva
080811,Fogars de Montclús,,41.72763657900002,2.443167054000062,41,Vallès Oriental
170681,Foixà,,42.03886373900007,2.9980250750000357,10,Baix Empordà
080832,Folgueroles,,41.93862682400003,2.318462911000031,24,Osona
250931,Fondarella,,41.634642480000025,0.8735151849991633,27,Pla d'Urgell
080847,Fonollosa,,41.76293413000007,1.668695995000024,7,Bages
170694,Fontanals de Cerdanya,,42.384997027000054,1.899470415000036,15,Cerdanya
170708,Fontanilles,,42.00993664300006,3.1084059990000608,10,Baix Empordà
170715,Fontcoberta,,42.142869761000036,2.7895177260000334,28,Pla de l'Estany
080850,Font-rubí,,41.41394001300006,1.6510284159999857,3,Alt Penedès
250946,Foradada,,41.87715684700003,1.0128138719995081,23,Noguera
179026,Forallac,,41.95974451900002,3.0550922240000116,10,Baix Empordà
430614,Forès,,41.49336452600004,1.235491144999782,16,Conca de Barberà
170736,Fornells de la Selva,,41.93462692200004,2.8104568660000298,20,Gironès
170741,Fortià,,42.242434211000024,3.0404269320000505,2,Alt Empordà
430629,Freginals,,40.67189590600002,0.5199227549972583,22,Montsià
250978,Fulleda,,41.463053091000056,1.0243118209994961,18,Garrigues
080902,Gaià,,41.91652923400004,1.9254350090000534,7,Bages
080879,Gallifa,,41.693114632000054,2.115699161000055,40,Vallès Occidental
430640,Gandesa,,41.052083417000055,0.4391072939966922,37,Terra Alta
430653,Garcia,,41.13667672800004,0.6487057369982238,30,Ribera d'Ebre
170754,Garrigàs,,42.19349642000002,2.954141859000051,2,Alt Empordà
170767,Garrigoles,,42.10721936400005,3.03048681300003,10,Baix Empordà
170773,Garriguella,,42.34451251800003,3.0646921140000156,2,Alt Empordà
080898,Gavà,,41.306118867000066,2.0047742010000187,11,Baix Llobregat
250984,Gavet de la Conca,,42.12318799100005,0.9204624399993455,25,Pallars Jussà
080919,Gelida,,41.44092893900005,1.8631679730000121,3,Alt Penedès
170789,Ger,,42.410628541000044,1.8455252580000465,15,Cerdanya
259123,Gimenells i el Pla de la Font,,41.65227887900004,0.389850705996443,33,Segrià
430672,Ginestar,,41.041814811000044,0.6336635909981366,30,Ribera d'Ebre
170792,Girona,,41.98315544400002,2.8248656280000457,20,Gironès
080924,Gironella,,42.03383842000005,1.8828462260000087,14,Berguedà
080930,Gisclareny,,42.25003707800004,1.7864647620000127,14,Berguedà
430688,Godall,,40.655582408000036,0.4686096359968396,22,Montsià
250997,Golmés,,41.63260825500003,0.9331101479993137,27,Pla d'Urgell
170806,Gombrèn,,42.24785516700006,2.090942855000027,31,Ripollès
251001,Gósol,,42.23703837200002,1.6606251170000113,14,Berguedà
080958,Granera,,41.72541715700004,2.0571734740000123,42,Moianès
080961,Granollers,,41.608086621000034,2.286822072000054,41,Vallès Oriental
251039,Granyanella,,41.666441773000024,1.2281142829997784,32,Segarra
251057,Granyena de les Garrigues,,41.43256244300004,0.6500713209982658,18,Garrigues
251044,Granyena de Segarra,,41.62357853200005,1.2463092369998172,32,Segarra
430691,Gratallops,,41.19363821000007,0.7774569509988025,29,Priorat
080977,Gualba,,41.732046396000044,2.501920371000031,41,Vallès Oriental
170813,Gualta,,42.028494751000025,3.1036656830000218,10,Baix Empordà
080996,Guardiola de Berguedà,,42.23322070600004,1.8788109470000167,14,Berguedà
170828,Guils de Cerdanya,,42.44838225600005,1.8792096270000056,15,Cerdanya
251095,Guimerà,,41.56420509800005,1.1836297759997372,38,Urgell
251109,Guissona,,41.78464838300004,1.2883030019998272,32,Segarra
251116,Guixers,,42.13243406900005,1.6663431540000202,35,Solsonès
081000,Gurb,,41.94048906000005,2.24327601500004,24,Osona
430712,Horta de Sant Joan,,40.953830826000036,0.31686018899536483,37,Terra Alta
170834,Hostalric,,41.74580856100003,2.6413467170000247,34,Selva
081022,Igualada,,41.578716211000014,1.617581374000003,6,Anoia
251155,Isona i Conca Dellà,,42.116968563000036,1.0438755639996127,25,Pallars Jussà
170849,Isòvol,,42.397709759000065,1.8372723640000377,15,Cerdanya
251121,Ivars de Noguera,,41.850336834000075,0.5858490509979724,23,Noguera
251137,Ivars d'Urgell,,41.681957471000025,0.9867413799994788,27,Pla d'Urgell
251142,Ivorra,,41.77146171700007,1.3956611209999192,32,Segarra
170852,Jafre,,42.07196554800003,3.0107595550000417,10,Baix Empordà
081038,Jorba,,41.60180249700005,1.5486452889999671,6,Anoia
259101,Josa i Tuixén,,42.23122593100004,1.5665125950000027,4,Alt Urgell
170871,Juià,,42.01794948700007,2.9073428460000543,20,Gironès
251180,Juncosa,,41.37143609600002,0.7754569869988227,18,Garrigues
251193,Juneda,,41.54870764500002,0.8251993189990123,18,Garrigues
250426,la Baronia de Rialb,,41.932177025000044,1.1961863789997682,23,Noguera
430271,la Bisbal de Falset,,41.28022561700003,0.723326470998619,29,Priorat
430287,la Bisbal del Penedès,,41.28047572800005,1.4877442949999378,12,Baix Penedès
170221,la Bisbal d'Empordà,,41.959301159000056,3.038149686000045,10,Baix Empordà
439076,la Canonja,,41.12290860500007,1.1789655749997499,36,Tarragonès
171899,la Cellera de Ter,,41.96746992200007,2.6222348180000297,34,Selva
251636,la Coma i la Pedra,,42.175919911000044,1.5897981029999668,35,Solsonès
430568,la Fatarella,,41.162340270000065,0.4731496789970453,37,Terra Alta
430574,la Febró,,41.27722074300003,1.0039336829994912,8,Baix Camp
430580,la Figuera,,41.216519186000006,0.7320357279986125,29,Priorat
250925,la Floresta,,41.50984771100006,0.9198419509992708,18,Garrigues
250962,la Fuliola,,41.71456032100007,1.0190230309995476,38,Urgell
430635,la Galera,,40.681556137,0.46373100699678516,22,Montsià
080885,la Garriga,,41.685307859000034,2.2858385440000486,41,Vallès Oriental
080945,la Granada,,41.37688206900003,1.7194785860000026,3,Alt Penedès
251018,la Granadella,,41.35522765900003,0.6653778679983547,18,Garrigues
251023,la Granja d'Escarp,,41.418377971000034,0.352158005995927,33,Segrià
259031,la Guingueta d'Àneu,,42.59429671800006,1.131988034999742,26,Pallars Sobirà
170865,la Jonquera,,42.41690357900006,2.8731570890000655,2,Alt Empordà
250061,l'Albagés,,41.44879641100005,0.7392371859986723,18,Garrigues
250096,l'Albi,,41.42328726400005,0.936040776999354,18,Garrigues
430038,l'Albiol,,41.25209985000002,1.089629617999631,8,Baix Camp
439044,l'Aldea,,40.74589421600007,0.620293807997973,9,Baix Ebre
430075,l'Aleixar,,41.20164041800006,1.0461408949995612,8,Baix Camp
081043,la Llacuna,,41.47248045800006,1.5320210479999734,6,Anoia
081056,la Llagosta,,41.51312002900004,2.193612735000035,41,Vallès Oriental
430803,la Masó,,41.23480590100006,1.2227090349997745,1,Alt Camp
080057,l'Ametlla del Vallès,,41.66939188000003,2.2615205290000424,41,Vallès Oriental
430136,l'Ametlla de Mar,,40.885248464000014,0.8035016879988719,9,Baix Ebre
251364,la Molsosa,,41.78327794400007,1.5410234019999955,35,Solsonès
430960,la Morera de Montsant,,41.26522842300004,0.8419747719990743,29,Priorat
439060,l'Ampolla,,40.814206799000026,0.7143406069985023,9,Baix Ebre
081424,la Nou de Berguedà,,42.16588440600002,1.88510318600002,14,Berguedà
430976,la Nou de Gaià,,41.18283351600007,1.373803060999901,36,Tarragonès
430995,la Palma d'Ebre,,41.28250815300003,0.6658825969983457,30,Ribera d'Ebre
089058,la Palma de Cervelló,,41.41120333000003,1.9712377610000404,11,Baix Llobregat
171306,la Pera,,42.02049632600004,2.9735904050000297,10,Baix Empordà
251692,la Pobla de Cérvoles,,41.368048681000055,0.9152892249992612,18,Garrigues
081653,la Pobla de Claramunt,,41.555022309000044,1.6752960089999809,6,Anoia
081666,la Pobla de Lillet,,42.24338042700002,1.9746830550000576,14,Berguedà
431093,la Pobla de Mafumet,,41.187588665000064,1.2092846849997794,36,Tarragonès
431107,la Pobla de Massaluca,,41.18118730500002,0.35386019099584803,37,Terra Alta
431114,la Pobla de Montornès,,41.17882323900004,1.4144862739999458,36,Tarragonès
251713,la Pobla de Segur,,42.24995562500004,0.9690824309994686,25,Pallars Jussà
251749,la Portella,,41.739635922000055,0.6391759309982907,33,Segrià
081770,la Quar,,42.08088762300006,1.961488241000026,14,Berguedà
431362,La Ràpita,,40.62026986600004,0.5925366309977627,22,Montsià
430167,l'Arboç,,41.26750258600003,1.6036039229999826,12,Baix Penedès
430173,l'Argentera,,41.137218898000064,0.9093207769992528,8,Baix Camp
431248,la Riba,,41.31833693300006,1.1777761209997137,1,Alt Camp
431264,la Riera de Gaià,,41.16484025600004,1.3613927229998977,36,Tarragonès
170118,l'Armentera,,42.170866941000035,3.0725178400000375,2,Alt Empordà
081810,la Roca del Vallès,,41.58756870800005,2.3257635800000482,41,Vallès Oriental
431444,la Secuita,,41.20324050900005,1.2793476319998434,36,Tarragonès
431457,la Selva del Camp,,41.21515422700001,1.1368824809996807,8,Baix Camp
171886,la Selva de Mar,,42.32447472100005,3.186985848000054,2,Alt Empordà
430445,la Sénia,,40.63332816200003,0.285251664994775,22,Montsià
250352,la Sentiu de Sió,,41.805316871000066,0.8777065189992305,23,Noguera
252038,la Seu d'Urgell,,42.35809761900003,1.4624307469999507,4,Alt Urgell
171959,la Tallada d'Empordà,,42.07964119600006,3.0547859740000174,10,Baix Empordà
252271,la Torre de Cabdella,,42.42193135200006,0.9823298389994901,25,Pallars Jussà
082861,la Torre de Claramunt,,41.533575597000016,1.6582096419999877,6,Anoia
431515,la Torre de Fontaubella,,41.12442119700006,0.8642361579991003,29,Priorat
431520,la Torre de l'Espanyol,,41.19138539600003,0.6247885679980842,30,Ribera d'Ebre
170144,la Vajol,,42.40378072500004,2.800342985000034,2,Alt Empordà
172082,la Vall de Bianya,,42.211066566000056,2.4555309300000574,19,Garrotxa
250432,la Vall de Boí,,42.504586732000064,0.8004611759990564,5,Alta Ribagorça
172076,la Vall d'en Bas,,42.117698124000064,2.45916066700004,19,Garrotxa
259097,la Vansa i Fórnols,,42.23356278900007,1.4804519139999854,4,Alt Urgell
431732,la Vilella Alta,,41.22464309100007,0.7813342759988394,29,Priorat
431747,la Vilella Baixa,,41.22055919100004,0.7618616179987797,29,Priorat
251214,Les,,42.81015343400003,0.7098789489987507,39,Val d'Aran
250371,les Avellanes i Santa Linya,,41.908109621000044,0.7642995669988283,23,Noguera
250582,les Borges Blanques,,41.520628500000036,0.8691630099991325,18,Garrigues
430311,les Borges del Camp,,41.17203008200004,1.0195871829995016,8,Baix Camp
080272,les Cabanyes,,41.37173606000004,1.6896140949999858,3,Alt Penedès
170622,l'Escala,,42.12505878300004,3.133767625000067,2,Alt Empordà
080863,les Franqueses del Vallès,,41.636306729000054,2.297161105000034,41,Vallès Oriental
170963,les Llosses,,42.150948452000065,2.119950003000032,31,Ripollès
081167,les Masies de Roda,,41.98956736200005,2.307718889000048,24,Osona
081173,les Masies de Voltregà,,42.02239373000003,2.234877909000024,24,Osona
251522,les Oluges,,41.69676951000007,1.3200310429998563,32,Segarra
431055,les Piles,,41.50383442400004,1.3423953629998768,16,Conca de Barberà
171334,les Planes d'Hostoles,,42.05593630900006,2.536909351000011,19,Garrotxa
250812,l'Espluga Calba,,41.49491526300005,1.0047755209994902,18,Garrigues
430542,l'Espluga de Francolí,,41.39637103300003,1.1044900089996725,16,Conca de Barberà
171390,les Preses,,42.14215674100006,2.460804365000049,19,Garrotxa
080787,l'Espunyola,,42.053555773000014,1.7677454180000343,14,Berguedà
082541,l'Esquirol,,42.03550805600001,2.3682440280000407,24,Osona
080790,l'Estany,,41.86860715100004,2.112454961000015,42,Moianès
259062,les Valls d'Aguilar,,42.29395966200008,1.341832866999902,4,Alt Urgell
252398,les Valls de Valira,,42.37908342500002,1.4567377339999648,4,Alt Urgell
081017,l'Hospitalet de Llobregat,,41.35945966700006,2.0997120990000333,13,Barcelonès
251229,Linyola,,41.71041341600004,0.9043735279992878,27,Pla d'Urgell
170887,Lladó,,42.24769882200006,2.8134046900000182,2,Alt Empordà
251235,Lladorre,,42.621614113000064,1.2491678389998455,26,Pallars Sobirà
251240,Lladurs,,42.044669155000065,1.5076286099999625,35,Solsonès
170890,Llagostera,,41.828810092000026,2.8918174630000437,20,Gironès
170904,Llambilles,,41.92105156700005,2.8592785930000475,20,Gironès
170911,Llanars,,42.32095448300003,2.3441372300000496,31,Ripollès
170926,Llançà,,42.36201125300004,3.1507632070000597,2,Alt Empordà
251253,Llardecans,,41.37409493000006,0.5505024829976721,33,Segrià
251266,Llavorsí,,42.497460192000055,1.2088703309998272,26,Pallars Sobirà
251207,Lleida,,41.614730590000065,0.6268425739981561,33,Segrià
170932,Llers,,42.29630565100007,2.911609249000028,2,Alt Empordà
251272,Lles de Cerdanya,,42.39029165400006,1.6870617920000297,15,Cerdanya
081075,Lliçà d'Amunt,,41.60846678600006,2.239433257000021,41,Vallès Oriental
081081,Lliçà de Vall,,41.58630762100005,2.2390846570000256,41,Vallès Oriental
251288,Llimiana,,42.075144066000064,0.9162022609993035,25,Pallars Jussà
081069,Llinars del Vallès,,41.63915185300004,2.4046200110000115,41,Vallès Oriental
170947,Llívia,,42.46507864200003,1.9817996680000514,15,Cerdanya
251291,Llobera,,41.922416321000064,1.4632184049999266,35,Solsonès
430733,Llorac,,41.55650686200004,1.3071555519998563,16,Conca de Barberà
430748,Llorenç del Penedès,,41.282935119000044,1.5529171069999737,12,Baix Penedès
170950,Lloret de Mar,,41.698615651000054,2.847602852000014,34,Selva
081094,Lluçà,,42.06808229200004,2.0732640420000514,43,Lluçanès
171024,Maçanet de Cabrenys,,42.38605651300003,2.7503878900000616,2,Alt Empordà
171030,Maçanet de la Selva,,41.776371392000044,2.7313256750000416,34,Selva
170979,Madremanya,,41.990256197000065,2.9575214940000385,20,Gironès
170985,Maià de Montcal,,42.22211068000004,2.742740958000062,19,Garrotxa
251333,Maials,,41.36488195400005,0.5041990669973366,33,Segrià
251305,Maldà,,41.55110192600006,1.0401767879995572,38,Urgell
081108,Malgrat de Mar,,41.645501428000046,2.7407428790000297,21,Maresme
081115,Malla,,41.88658813000004,2.234413951000013,24,Osona
081120,Manlleu,,41.99993910200003,2.283578063000041,24,Osona
081136,Manresa,,41.723055286000026,1.8269287540000285,7,Bages
430764,Marçà,,41.126788576000074,0.8031449699989199,29,Priorat
430751,Margalef,,41.28448996400004,0.7541727709987577,29,Priorat
082423,Marganell,,41.64029097900003,1.7930455270000356,7,Bages
081141,Martorell,,41.47433610300003,1.9307304600000479,11,Baix Llobregat
081154,Martorelles,,41.52570388900005,2.2427670790000227,41,Vallès Oriental
171002,Masarac,,42.35096750100008,2.972460262000018,2,Alt Empordà
430770,Mas de Barberans,,40.735666752000036,0.3738781899958991,22,Montsià
430786,Masdenverge,,40.71544069100002,0.5317093879973445,22,Montsià
430799,Masllorenç,,41.269624781000054,1.4153519189999224,12,Baix Penedès
430810,Maspujols,,41.18194646300001,1.0458390789995697,8,Baix Camp
081192,Masquefa,,41.501894271000026,1.8118526500000245,6,Anoia
251312,Massalcoreig,,41.45916407400006,0.35934835599605097,33,Segrià
171019,Massanes,,41.76645820700003,2.6519393790000456,34,Selva
251327,Massoteres,,41.797264755000064,1.3107655209998879,32,Segarra
081206,Matadepera,,41.59664189000004,2.026747357000021,40,Vallès Occidental
081213,Mataró,,41.53980990500001,2.444896864000034,21,Maresme
081228,Mediona,,41.476788767000066,1.6113411439999972,3,Alt Penedès
251348,Menàrguens,,41.72913882300004,0.7438896899987638,23,Noguera
170998,Meranges,,42.44577442800004,1.7869163500000453,15,Cerdanya
171058,Mieres,,42.12416017400005,2.639889941000027,19,Garrotxa
251351,Miralcamp,,41.60459408700005,0.8802020899992181,27,Pla d'Urgell
430846,Miravet,,41.03813937500007,0.5975129819979165,30,Ribera d'Ebre
081385,Moià,,41.81286912000006,2.096923027000049,42,Moianès
081234,Molins de Rei,,41.413593960000064,2.015962182000054,11,Baix Llobregat
251370,Mollerussa,,41.62981069200002,0.8940303769992242,27,Pla d'Urgell
081249,Mollet del Vallès,,41.535411838000066,2.2103108530000566,41,Vallès Oriental
171061,Mollet de Peralada,,42.35858847400004,3.00057213200005,2,Alt Empordà
171077,Molló,,42.34680531100002,2.404208713000051,31,Ripollès
081287,Monistrol de Calders,,41.76032258700007,2.014631919000054,42,Moianès
081271,Monistrol de Montserrat,,41.60979072600002,1.842759666000043,7,Bages
171096,Montagut i Oix,,42.231464391000024,2.596166170000052,19,Garrotxa
430862,Montblanc,,41.37677696300005,1.1613865219997175,16,Conca de Barberà
430884,Montbrió del Camp,,41.12068106400003,1.0037926369994725,8,Baix Camp
081252,Montcada i Reixac,,41.485795665000055,2.18777037600005,40,Vallès Occidental
081304,Montclar,,42.018209187000025,1.765071661000009,14,Berguedà
251399,Montellà i Martinet,,42.36012031400002,1.6952521569999934,15,Cerdanya
081311,Montesquiu,,42.109893570000054,2.209866277000051,24,Osona
251403,Montferrer i Castellbò,,42.34127089500004,1.428016980999937,4,Alt Urgell
430897,Montferri,,41.26529763100007,1.3657319039998799,1,Alt Camp
251386,Montgai,,41.79990797800007,0.9613689659994292,23,Noguera
081265,Montgat,,41.46694519800007,2.27868161600002,21,Maresme
081326,Montmajor,,42.01741552600004,1.7348428410000147,14,Berguedà
081332,Montmaneu,,41.62613551000002,1.4144204969999197,6,Anoia
081350,Montmeló,,41.551517209000046,2.247898536000027,41,Vallès Oriental
251425,Montoliu de Lleida,,41.56015081900004,0.5883685119979443,33,Segrià
251410,Montoliu de Segarra,,41.59026939700003,1.269958037999816,32,Segarra
081363,Montornès del Vallès,,41.54526095100003,2.267313544000037,41,Vallès Oriental
251431,Montornès de Segarra,,41.60106554600003,1.230695657999812,32,Segarra
430918,Mont-ral,,41.28690992500002,1.0969747969996133,1,Alt Camp
171100,Mont-ras,,41.907723904000065,3.144717363000032,10,Baix Empordà
430923,Mont-roig del Camp,,41.08730454200001,0.9581210819993585,8,Baix Camp
081379,Montseny,,41.75915399000006,2.3953547380000284,41,Vallès Oriental
430939,Móra d'Ebre,,41.093142923000066,0.6417670879981717,30,Ribera d'Ebre
430944,Móra la Nova,,41.100142386000066,0.6508406269982084,30,Ribera d'Ebre
081290,Muntanyola,,41.87840991900002,2.1775848730000478,24,Osona
081398,Mura,,41.699541072000045,1.9761883170000234,7,Bages
251459,Nalec,,41.55982565500003,1.1152015179996695,38,Urgell
250254,Naut Aran,,42.70719246200007,0.9024450479993595,39,Val d'Aran
081402,Navarcles,,41.75162689300003,1.9037597810000595,7,Bages
081419,Navàs,,41.89984083500008,1.8793367620000179,7,Bages
171117,Navata,,42.223745727000036,2.8605385050000134,2,Alt Empordà
251462,Navès,,41.992269144000026,1.636754844999996,35,Solsonès
430982,Nulles,,41.249492294000035,1.2951785589998235,1,Alt Camp
251484,Odèn,,42.13362307400007,1.3870992369999038,35,Solsonès
081430,Òdena,,41.60674209300002,1.6415885189999926,6,Anoia
171122,Ogassa,,42.26584143900003,2.2774130770000536,31,Ripollès
081458,Olèrdola,,41.32101847000008,1.7211338840000052,3,Alt Penedès
081461,Olesa de Bonesvalls,,41.35170450800005,1.850758765000003,3,Alt Penedès
081477,Olesa de Montserrat,,41.543505945000035,1.893900541000033,11,Baix Llobregat
251497,Oliana,,42.06615809200008,1.311948139999855,4,Alt Urgell
251500,Oliola,,41.87596417600001,1.1742569279997381,23,Noguera
251517,Olius,,41.977346273000066,1.5569139670000072,35,Solsonès
081483,Olivella,,41.310311559000056,1.8122420910000063,17,Garraf
081496,Olost,,41.98580668800001,2.0957281420000307,43,Lluçanès
171143,Olot,,42.183182657000025,2.4843546240000385,19,Garrotxa
081445,Olvan,,42.05699767200006,1.9069735390000184,14,Berguedà
171156,Ordis,,42.218772993000066,2.9067202010000326,2,Alt Empordà
251556,Organyà,,42.21071699300006,1.327366451999877,4,Alt Urgell
081509,Orís,,42.05822395500006,2.2392825580000606,24,Osona
081516,Oristà,,41.93236576500004,2.0603577520000615,43,Lluçanès
081521,Orpí,,41.52900382900002,1.6069292299999944,6,Anoia
081537,Òrrius,,41.555084531000034,2.354940459000025,21,Maresme
251569,Os de Balaguer,,41.87072639500008,0.7184501849986694,23,Noguera
171169,Osor,,41.94560349500005,2.556211062000036,34,Selva
251575,Ossó de Sió,,41.75463581600006,1.1594288839997045,38,Urgell
081542,Pacs del Penedès,,41.361515371000046,1.6690096969999935,3,Alt Penedès
081555,Palafolls,,41.66724600400004,2.7494128820000494,21,Maresme
171175,Palafrugell,,41.91495457900003,3.1640659760000656,10,Baix Empordà
171181,Palamós,,41.84666080900007,3.1295813480000354,10,Baix Empordà
171194,Palau de Santa Eulàlia,,42.17354182700006,2.964362863000068,2,Alt Empordà
171215,Palau-sator,,41.98932789400003,3.1111795630000554,10,Baix Empordà
171208,Palau-saverdera,,42.307356380000044,3.1481205690000618,2,Alt Empordà
081568,Palau-solità i Plegamans,,41.58754343000003,2.178421008000034,40,Vallès Occidental
081574,Pallejà,,41.42257989800003,1.9967752520000073,11,Baix Llobregat
171236,Palol de Revardit,,42.06935071100001,2.7958063760000216,28,Pla de l'Estany
171241,Pals,,41.97107709700003,3.145078572000036,10,Baix Empordà
171254,Pardines,,42.312374598000076,2.2141235730000424,31,Ripollès
081593,Parets del Vallès,,41.57316553300007,2.2335772430000604,41,Vallès Oriental
171267,Parlavà,,42.02384380300003,3.0317759710000503,10,Baix Empordà
431016,Passanant i Belltall,,41.531863845000025,1.1969220589997478,16,Conca de Barberà
171289,Pau,,42.31623673000006,3.1168816990000234,2,Alt Empordà
431021,Paüls,,40.92237943500004,0.40016406299625246,9,Baix Ebre
171292,Pedret i Marzà,,42.310205823000025,3.0686869530000442,2,Alt Empordà
251641,Penelles,,41.757972444000075,0.9655984149994147,23,Noguera
081607,Perafita,,42.04226680700003,2.1069990460000447,43,Lluçanès
431037,Perafort,,41.190720895000005,1.2555001879998091,36,Tarragonès
171328,Peralada,,42.30792626100002,3.0079899500000153,2,Alt Empordà
251654,Peramola,,42.05713729200005,1.2674483719998426,4,Alt Urgell
081614,Piera,,41.51813619900001,1.743364445000024,6,Anoia
081635,Pineda de Mar,,41.627522458000044,2.6895295030000654,21,Maresme
251667,Pinell de Solsonès,,41.950155940000045,1.4187570389999578,35,Solsonès
251673,Pinós,,41.82737047400008,1.541994621999993,35,Solsonès
431074,Pira,,41.42392999700008,1.2022952439997474,16,Conca de Barberà
171349,Planoles,,42.31634678600005,2.1036101310000284,31,Ripollès
431129,Poboleda,,41.23270287900004,0.8452760909990841,29,Priorat
081672,Polinyà,,41.55760939000003,2.156245284000012,40,Vallès Occidental
171352,Pont de Molins,,42.314643077000014,2.925538693000013,2,Alt Empordà
431418,Pontils,,41.47752472700006,1.3873960689998992,16,Conca de Barberà
081688,Pontons,,41.41573587200002,1.5166193169999707,3,Alt Penedès
171365,Pontós,,42.18673195200005,2.916807481000026,2,Alt Empordà
251728,Ponts,,41.915333923000034,1.1863693389997845,23,Noguera
171371,Porqueres,,42.104307016000064,2.778059866000026,28,Pla de l'Estany
431140,Porrera,,41.188257409000066,0.856129608999091,29,Priorat
171387,Portbou,,42.42638048900005,3.1624699700000662,2,Alt Empordà
431153,Pradell de la Teixeta,,41.15619339000005,0.8756468869991704,29,Priorat
431166,Prades,,41.30979410000002,0.9881911489994344,8,Baix Camp
431172,Prat de Comte,,40.983568146000025,0.4052372749963387,37,Terra Alta
431188,Pratdip,,41.05117875000006,0.8712948069991028,8,Baix Camp
081712,Prats de Lluçanès,,42.00864672000005,2.028590923000012,43,Lluçanès
251752,Prats i Sansor,,42.36492897100004,1.8369562410000324,15,Cerdanya
251765,Preixana,,41.60690150700002,1.0386018499995235,38,Urgell
251771,Preixens,,41.79405026200002,1.0508870049995824,23,Noguera
082303,Premià de Dalt,,41.50731101400003,2.3424611500000108,21,Maresme
081727,Premià de Mar,,41.489809495000024,2.35678568900004,21,Maresme
251790,Prullans,,42.37913530700005,1.7361847620000217,15,Cerdanya
171411,Puigcerdà,,42.432630326000016,1.9269476960000553,15,Cerdanya
081748,Puigdàlber,,41.404279648000056,1.7011001360000002,3,Alt Penedès
251804,Puiggròs,,41.55171931700005,0.8894555639992292,18,Garrigues
431191,Puigpelat,,41.27872270800002,1.2976365579998268,1,Alt Camp
081751,Puig-reig,,41.97413283100007,1.878989460000053,14,Berguedà
251811,Puigverd d'Agramunt,,41.77780562100003,1.1216422589996917,38,Urgell
251826,Puigverd de Lleida,,41.543703841000074,0.7335361049986784,33,Segrià
081764,Pujalt,,41.717335210000044,1.4226007849999291,6,Anoia
171426,Quart,,41.93976946700007,2.839936624000066,20,Gironès
170433,Queralbs,,42.34849447000003,2.162693687000048,31,Ripollès
431205,Querol,,41.42331134200003,1.3977368029999142,1,Alt Camp
171432,Rabós,,42.379336379000044,3.027717714000053,2,Alt Empordà
081786,Rajadell,,41.72769630200002,1.706226679000019,7,Bages
431212,Rasquera,,41.00136649100005,0.59713439099789,30,Ribera d'Ebre
171447,Regencós,,41.95285504100007,3.1718802360000407,10,Baix Empordà
081799,Rellinars,,41.637431147000015,1.9107749430000187,40,Vallès Occidental
431227,Renau,,41.22533836000007,1.311238469999848,36,Tarragonès
431233,Reus,,41.155016387000046,1.1084919679996612,8,Baix Camp
251832,Rialp,,42.443985096000056,1.1359929319997004,26,Pallars Sobirà
431251,Riba-roja d'Ebre,,41.25092506400006,0.48765755799713995,30,Ribera d'Ebre
259059,Ribera d'Ondara,,41.62771707600006,1.341908076999869,32,Segarra
251850,Ribera d'Urgellet,,42.31268836700007,1.3827811379999155,4,Alt Urgell
171450,Ribes de Freser,,42.306312153000064,2.167926705000061,31,Ripollès
171463,Riells i Viabrea,,41.725287330000064,2.5576233360000544,34,Selva
251863,Riner,,41.91463776700004,1.5245761469999888,35,Solsonès
171479,Ripoll,,42.20104760600003,2.1907531800000486,31,Ripollès
081803,Ripollet,,41.49650163200004,2.153492010000026,40,Vallès Occidental
171485,Riudarenes,,41.82193822800007,2.7165052850000304,34,Selva
171498,Riudaura,,42.188457480000054,2.4075731050000306,19,Garrotxa
431270,Riudecanyes,,41.13001980500005,0.9609541889993813,8,Baix Camp
259139,Riu de Cerdanya,,42.34555484900005,1.826271678000048,15,Cerdanya
431286,Riudecols,,41.168862355000044,0.976253799999408,8,Baix Camp
171501,Riudellots de la Selva,,41.89319249400005,2.803237748000063,34,Selva
431299,Riudoms,,41.137683402000036,1.0508708569995664,8,Baix Camp
171518,Riumors,,42.22682951900003,3.043026927000019,2,Alt Empordà
431303,Rocafort de Queralt,,41.47753985200005,1.280961475999868,16,Conca de Barberà
431310,Roda de Berà,,41.186001974000064,1.4569261849999402,36,Tarragonès
081831,Roda de Ter,,41.980805566000065,2.3094915910000307,24,Osona
431325,Rodonyà,,41.280036577000025,1.3990370979999347,1,Alt Camp
431331,Roquetes,,40.81838248900003,0.5030111569971819,9,Baix Ebre
171523,Roses,,42.263408486000046,3.174927345000063,2,Alt Empordà
251898,Rosselló,,41.69579487400005,0.5960237489980134,33,Segrià
081846,Rubí,,41.49348467200008,2.031335057000023,40,Vallès Occidental
081859,Rubió,,41.644644088000064,1.570183863999996,6,Anoia
171539,Rupià,,42.02043561400006,3.010647601000065,10,Baix Empordà
089019,Rupit i Pruit,,42.02330972000004,2.4646581600000474,24,Osona
081878,Sabadell,,41.546378034000035,2.1085519240000288,40,Vallès Occidental
081884,Sagàs,,42.050834226000056,1.9616030570000336,14,Berguedà
251902,Salàs de Pallars,,42.21254512400002,0.931464894999359,25,Pallars Jussà
081901,Saldes,,42.22932023000004,1.7361473730000216,14,Berguedà
171544,Sales de Llierca,,42.23606904900002,2.6501268420000117,19,Garrotxa
081918,Sallent,,41.82406284300003,1.8946746870000026,7,Bages
431359,Salomó,,41.229011230000005,1.374788776999905,36,Tarragonès
439057,Salou,,41.08117673600003,1.1335657719996826,36,Tarragonès
171557,Salt,,41.97505395000007,2.792056074000063,20,Gironès
251919,Sanaüja,,41.87578021300004,1.3095060689998885,32,Segarra
431384,Santa Bàrbara,,40.71434448800004,0.4928280189970691,22,Montsià
082439,Santa Cecília de Voltregà,,41.992821729000056,2.2223010450000427,24,Osona
082444,Santa Coloma de Cervelló,,41.36897282200003,2.016180071000053,11,Baix Llobregat
171805,Santa Coloma de Farners,,41.86149583500002,2.662775243000046,34,Selva
082457,Santa Coloma de Gramenet,,41.452149346000056,2.2079344680000665,13,Barcelonès
431397,Santa Coloma de Queralt,,41.53238303600004,1.3833015899998944,16,Conca de Barberà
171812,Santa Cristina d'Aro,,41.81207252000006,2.996898049000029,10,Baix Empordà
081944,Sant Adrià de Besòs,,41.430067424000065,2.2177874080000395,13,Barcelonès
082460,Santa Eugènia de Berga,,41.900358529000066,2.283148117000044,24,Osona
082476,Santa Eulàlia de Riuprimer,,41.91088984600002,2.188605637000013,24,Osona
082482,Santa Eulàlia de Ronçana,,41.65234558400003,2.229205451000032,41,Vallès Oriental
082495,Santa Fe del Penedès,,41.38445001400004,1.721265847000007,3,Alt Penedès
081957,Sant Agustí de Lluçanès,,42.085605004000044,2.1267891350000134,24,Osona
171827,Santa Llogaia d'Àlguema,,42.23400498900002,2.953125695000031,2,Alt Empordà
082508,Santa Margarida de Montbui,,41.573827721000036,1.6080659019999684,6,Anoia
082515,Santa Margarida i els Monjos,,41.321375174000025,1.663058722000031,3,Alt Penedès
082536,Santa Maria de Besora,,42.12772104100002,2.2576774070000645,24,Osona
082567,Santa Maria de Martorelles,,41.51957597300002,2.2533492070000323,41,Vallès Oriental
082554,Santa Maria de Merlès,,42.000962640000054,1.978376645000012,14,Berguedà
082573,Santa Maria de Miralles,,41.518035348000055,1.5254436579999533,6,Anoia
082592,Santa Maria de Palautordera,,41.69298713800003,2.446096480000042,41,Vallès Oriental
082589,Santa Maria d'Oló,,41.872175795000025,2.0355717600000274,42,Moianès
081960,Sant Andreu de la Barca,,41.449999658000024,1.9714036040000313,11,Baix Llobregat
081976,Sant Andreu de Llavaneres,,41.57445866700004,2.4833472040000313,21,Maresme
171576,Sant Andreu Salou,,41.87335924800005,2.825520191000058,20,Gironès
171833,Sant Aniol de Finestres,,42.06286032200007,2.6144309850000607,19,Garrotxa
081982,Sant Antoni de Vilamajor,,41.67356955800005,2.4006605720000405,41,Vallès Oriental
431401,Santa Oliva,,41.25348147600004,1.5494419739999767,12,Baix Penedès
171848,Santa Pau,,42.14486776300002,2.5696889740000213,19,Garrotxa
082606,Santa Perpètua de Mogoda,,41.534575830000044,2.183444726000052,40,Vallès Occidental
082613,Santa Susanna,,41.63550377100006,2.7070687240000577,21,Maresme
081995,Sant Bartomeu del Grau,,41.98028526100004,2.1771518110000345,24,Osona
082009,Sant Boi de Llobregat,,41.347524275000055,2.042704219000017,11,Baix Llobregat
082016,Sant Boi de Lluçanès,,42.05877073500006,2.151784960000033,24,Osona
082037,Sant Cebrià de Vallalta,,41.619470996000075,2.599410002000061,21,Maresme
082021,Sant Celoni,,41.68996298800003,2.4925191190000557,41,Vallès Oriental
082042,Sant Climent de Llobregat,,41.33707069600007,1.9964204080000496,11,Baix Llobregat
171582,Sant Climent Sescebes,,42.36898125800007,2.980043309000044,2,Alt Empordà
082055,Sant Cugat del Vallès,,41.46985343900006,2.082391608000012,40,Vallès Occidental
082068,Sant Cugat Sesgarrigues,,41.36261513700001,1.752361669999998,3,Alt Penedès
251961,Sant Esteve de la Sarga,,42.07958579700004,0.7638939109988515,25,Pallars Jussà
082074,Sant Esteve de Palautordera,,41.70353973000003,2.435177773000012,41,Vallès Oriental
082080,Sant Esteve Sesrovires,,41.49324531600007,1.874365808000031,11,Baix Llobregat
171595,Sant Feliu de Buixalleu,,41.73544121900004,2.6070875900000394,34,Selva
082107,Sant Feliu de Codines,,41.688918232000034,2.1645465960000267,41,Vallès Oriental
171609,Sant Feliu de Guíxols,,41.78044769700004,3.0283989110000586,10,Baix Empordà
082114,Sant Feliu de Llobregat,,41.38195324700006,2.046230144000037,11,Baix Llobregat
171616,Sant Feliu de Pallerols,,42.07543919600004,2.5074761700000665,19,Garrotxa
082129,Sant Feliu Sasserra,,41.944812194000065,2.0224867590000475,7,Bages
171621,Sant Ferriol,,42.194538264000066,2.7143416100000675,19,Garrotxa
082093,Sant Fost de Campsentelles,,41.51875719200006,2.2329366170000555,41,Vallès Oriental
082135,Sant Fruitós de Bages,,41.75067462500004,1.8732738700000295,7,Bages
171637,Sant Gregori,,41.99032564400004,2.759594317000042,20,Gironès
251924,Sant Guim de Freixenet,,41.655776666000044,1.4188672129999393,32,Segarra
251977,Sant Guim de la Plana,,41.763017072000004,1.3245958269998852,32,Segarra
171642,Sant Hilari Sacalm,,41.87884392500007,2.5083153630000563,34,Selva
082153,Sant Hipòlit de Voltregà,,42.01554645100003,2.236199080000053,24,Osona
081939,Sant Iscle de Vallalta,,41.62386592900003,2.569300136000029,21,Maresme
082166,Sant Jaume de Frontanyà,,42.186416390000026,2.0254865730000113,14,Berguedà
171655,Sant Jaume de Llierca,,42.21170425400003,2.607486515000053,19,Garrotxa
431378,Sant Jaume dels Domenys,,41.299632815000045,1.5592654229999896,12,Baix Penedès
439023,Sant Jaume d'Enveja,,40.705040026000056,0.7170180489984928,22,Montsià
171674,Sant Joan de les Abadesses,,42.23280804900002,2.284830771000023,31,Ripollès
171680,Sant Joan de Mollet,,42.04581193900002,2.9428158050000577,20,Gironès
082172,Sant Joan Despí,,41.36782167400001,2.054954781000038,11,Baix Llobregat
082188,Sant Joan de Vilatorrada,,41.74550715900004,1.8048483230000212,7,Bages
171851,Sant Joan les Fonts,,42.212650493000055,2.511051067000031,19,Garrotxa
171668,Sant Jordi Desvalls,,42.072088935000046,2.9535390820000114,20,Gironès
089030,Sant Julià de Cerdanyola,,42.22384293100002,1.892917871000049,14,Berguedà
179032,Sant Julià del Llor i Bonmatí,,41.96819310000006,2.669926095000042,34,Selva
171693,Sant Julià de Ramis,,42.03465426400003,2.839385619000032,20,Gironès
082205,Sant Julià de Vilatorta,,41.92229553900006,2.324497727000041,24,Osona
082212,Sant Just Desvern,,41.38572827900002,2.0755609840000373,11,Baix Llobregat
171714,Sant Llorenç de la Muga,,42.32067056700003,2.7900979250000453,2,Alt Empordà
251930,Sant Llorenç de Morunys,,42.13724557900005,1.590910882000006,35,Solsonès
082227,Sant Llorenç d'Hortons,,41.46785876800004,1.824413227000014,3,Alt Penedès
082233,Sant Llorenç Savall,,41.67938290600006,2.059726583000031,40,Vallès Occidental
082251,Sant Martí d'Albars,,42.027965553000044,2.07414856300004,43,Lluçanès
082248,Sant Martí de Centelles,,41.76385013200005,2.250970132000012,24,Osona
171729,Sant Martí de Llémena,,42.03615420300007,2.647611076000024,20,Gironès
259025,Sant Martí de Riucorb,,41.56009925400006,1.05312566799959,38,Urgell
082264,Sant Martí de Tous,,41.560600095000034,1.5230048859999485,6,Anoia
082270,Sant Martí Sarroca,,41.38531544600003,1.610944410999996,3,Alt Penedès
082286,Sant Martí Sesgueioles,,41.70201219900007,1.488163251999963,6,Anoia
171735,Sant Martí Vell,,42.01981255600002,2.931303885000026,20,Gironès
082299,Sant Mateu de Bages,,41.79675681300005,1.7326306829999936,7,Bages
171740,Sant Miquel de Campmajor,,42.12579253900001,2.6844074500000286,28,Pla de l'Estany
171753,Sant Miquel de Fluvià,,42.172159933000046,2.991883820000046,2,Alt Empordà
171766,Sant Mori,,42.15292172400006,2.9914771460000136,2,Alt Empordà
171772,Sant Pau de Segúries,,42.261859909000066,2.365664212000061,31,Ripollès
081923,Santpedor,,41.78327336600006,1.839177661000044,7,Bages
082310,Sant Pere de Ribes,,41.26230331600002,1.7721145730000392,17,Garraf
082325,Sant Pere de Riudebitlles,,41.453194474000036,1.7013269259999986,3,Alt Penedès
082331,Sant Pere de Torelló,,42.075495183000044,2.2961009690000553,24,Osona
082346,Sant Pere de Vilamajor,,41.685018969000055,2.3906295660000207,41,Vallès Oriental
171788,Sant Pere Pescador,,42.18811983400007,3.0832830570000644,2,Alt Empordà
081897,Sant Pere Sallavinera,,41.736524190000054,1.5724652860000068,6,Anoia
082359,Sant Pol de Mar,,41.60022258900004,2.621160221000016,21,Maresme
082362,Sant Quintí de Mediona,,41.46234959100006,1.6631465119999829,3,Alt Penedès
082378,Sant Quirze de Besora,,42.10028539200004,2.2222254300000275,24,Osona
082384,Sant Quirze del Vallès,,41.53283953700002,2.080999130000055,40,Vallès Occidental
082397,Sant Quirze Safaja,,41.72730742400005,2.153080364000051,42,Moianès
251945,Sant Ramon,,41.724610293000055,1.3589759239999024,32,Segarra
082401,Sant Sadurní d'Anoia,,41.42421160800005,1.7873005440000345,3,Alt Penedès
082418,Sant Sadurní d'Osormort,,41.90185692700003,2.3813885720000396,24,Osona
080983,Sant Salvador de Guardiola,,41.679232462000066,1.7662955750000449,7,Bages
082628,Sant Vicenç de Castellet,,41.66555240200006,1.8636159700000492,7,Bages
082634,Sant Vicenç dels Horts,,41.39333666700003,2.009712624000018,11,Baix Llobregat
082649,Sant Vicenç de Montalt,,41.579019542000005,2.508766295000035,21,Maresme
082652,Sant Vicenç de Torelló,,42.06260072500003,2.2740152770000375,24,Osona
431423,Sarral,,41.44410210400007,1.2487721029997891,16,Conca de Barberà
171864,Sarrià de Ter,,42.017092752000046,2.825219512000038,20,Gironès
252017,Sarroca de Bellera,,42.359768042000034,0.8811075409992788,25,Pallars Jussà
252000,Sarroca de Lleida,,41.45912927600005,0.5616835059977745,33,Segrià
171870,"Saus, Camallera i Llampaies",,42.12326353100006,2.9637306120000537,2,Alt Empordà
431439,Savallà del Comtat,,41.54312796300005,1.2996243509998446,16,Conca de Barberà
431460,Senan,,41.469930457000025,1.0882715949996151,16,Conca de Barberà
252022,Senterada,,42.32467350100005,0.9365345559993726,25,Pallars Jussà
082671,Sentmenat,,41.60925884100004,2.1361932260000356,40,Vallès Occidental
171903,Serinyà,,42.169656287000066,2.7455427680000546,28,Pla de l'Estany
252043,Seròs,,41.46386720400005,0.4110376449965371,33,Segrià
171910,Serra de Daró,,42.02761813900002,3.072558712000037,10,Baix Empordà
171925,Setcases,,42.37496369000007,2.3013679200000663,31,Ripollès
082690,Seva,,41.83863506500005,2.280295766000043,24,Osona
252056,Sidamon,,41.62860880300007,0.8322118849990573,27,Pla d'Urgell
171931,Sils,,41.80858301600004,2.744337729000043,34,Selva
082704,Sitges,,41.23508518700004,1.8118382480000486,17,Garraf
170524,Siurana,,42.209347420000014,2.994496180000047,2,Alt Empordà
082711,Sobremunt,,42.036132713000036,2.1668396480000545,43,Lluçanès
431476,Solivella,,41.45590428900004,1.1777654729997171,16,Conca de Barberà
252075,Solsona,,41.99466233100003,1.5171792449999484,35,Solsonès
082726,Sora,,42.11049281500003,2.159795294000039,24,Osona
252081,Soriguera,,42.37961755900004,1.1613651739997302,26,Pallars Sobirà
252094,Sort,,42.412825700000035,1.1312492879997207,26,Pallars Sobirà
252108,Soses,,41.53299640100005,0.48731203399726225,33,Segrià
082732,Subirats,,41.382413953000025,1.79465261500005,3,Alt Penedès
252115,Sudanell,,41.55769134900004,0.5671249389978182,33,Segrià
252120,Sunyer,,41.52282504900006,0.592549538997977,33,Segrià
082747,Súria,,41.83146668400007,1.7535652520000156,7,Bages
171946,Susqueda,,42.01414038400001,2.5468741480000205,34,Selva
082763,Tagamanent,,41.738443600000025,2.2677174750000315,41,Vallès Oriental
082779,Talamanca,,41.73809931300006,1.9771397730000198,7,Bages
252154,Talarn,,42.18585502200005,0.8999430749993163,25,Pallars Jussà
252167,Talavera,,41.58183981700005,1.338415634999885,32,Segarra
082785,Taradell,,41.87381065800002,2.2868139110000154,24,Osona
431482,Tarragona,,41.11743423800004,1.2543582129998108,36,Tarragonès
252173,Tàrrega,,41.64628388800002,1.1390544289997098,38,Urgell
252189,Tarrés,,41.42290082400006,1.020144554999519,18,Garrigues
252192,Tarroja de Segarra,,41.73048601400007,1.2765415989998372,32,Segarra
082750,Tavèrnoles,,41.952148295000015,2.326511575000031,24,Osona
082802,Tavertet,,41.99679492300003,2.4184629980000434,24,Osona
082819,Teià,,41.49967413300003,2.3198240330000233,21,Maresme
252206,Térmens,,41.717606072000066,0.7604920539988201,23,Noguera
171962,Terrades,,42.310105669000045,2.8390055020000116,2,Alt Empordà
082798,Terrassa,,41.562958779000034,2.010294804000056,40,Vallès Occidental
082824,Tiana,,41.48172848300004,2.269019357000038,21,Maresme
252213,Tírvia,,42.51515105100002,1.2428754309998593,26,Pallars Sobirà
252228,Tiurana,,41.97501877100006,1.2561578459998495,23,Noguera
431495,Tivenys,,40.907529935000056,0.5123153449972662,9,Baix Ebre
431508,Tivissa,,41.042606643000056,0.7326078439985921,30,Ribera d'Ebre
082830,Tona,,41.85002154300001,2.229175918000057,24,Osona
252234,Torà,,41.81299173500001,1.402811907999925,35,Solsonès
082845,Tordera,,41.69902461300006,2.7187631220000323,21,Maresme
082858,Torelló,,42.04713192900004,2.2605851840000266,24,Osona
252252,Tornabous,,41.70153249500003,1.0528536799995878,38,Urgell
252265,Torrebesses,,41.42626107300003,0.5940268579979692,33,Segrià
431536,Torredembarra,,41.14606578700005,1.3960642359998956,36,Tarragonès
252287,Torrefarrera,,41.673084376000084,0.6070776759981071,33,Segrià
259078,Torrefeta i Florejacs,,41.754433142000025,1.274869877999857,32,Segarra
252304,Torregrossa,,41.58011516900007,0.8319053709990638,27,Pla d'Urgell
252311,Torrelameu,,41.704061819000046,0.7029795209985591,23,Noguera
082877,Torrelavit,,41.44634498000004,1.729905868000027,3,Alt Penedès
082883,Torrelles de Foix,,41.388472472000046,1.5689401829999883,3,Alt Penedès
082896,Torrelles de Llobregat,,41.359047822000036,1.9811091950000308,11,Baix Llobregat
171978,Torrent,,41.95191363500003,3.1275638350000374,10,Baix Empordà
252326,Torres de Segre,,41.53516991100001,0.5126007139974158,33,Segrià
252332,Torre-serona,,41.672967818000075,0.631037173998195,33,Segrià
171984,Torroella de Fluvià,,42.175269001000046,3.0405335040000434,2,Alt Empordà
171997,Torroella de Montgrí,,42.04101492800004,3.1263767790000454,10,Baix Empordà
431541,Torroja del Priorat,,41.21355499300006,0.8102103069989249,29,Priorat
172001,Tortellà,,42.23281673100007,2.6296757880000334,19,Garrotxa
431554,Tortosa,,40.810905004000055,0.5209559759973014,9,Baix Ebre
172018,Toses,,42.32174548200003,2.016964382000014,31,Ripollès
172023,Tossa de Mar,,41.71779758400002,2.930836887000046,34,Selva
252347,Tremp,,42.16691811400004,0.8958969719992979,25,Pallars Jussà
172044,Ullà,,42.050813704000056,3.1077421630000597,10,Baix Empordà
082900,Ullastrell,,41.52690368700007,1.956888261000059,40,Vallès Occidental
172057,Ullastret,,42.00076286500007,3.0683983080000328,10,Baix Empordà
431567,Ulldecona,,40.59804299400002,0.4487978879966461,22,Montsià
431573,Ulldemolins,,41.32238366900003,0.8763321829991578,29,Priorat
172039,Ultramort,,42.03664273000004,3.034511784000065,10,Baix Empordà
172060,Urús,,42.35063439400003,1.8520987070000197,15,Cerdanya
082917,Vacarisses,,41.60593686400006,1.9187810010000539,40,Vallès Occidental
082922,Vallbona d'Anoia,,41.51998537400002,1.709448701000008,6,Anoia
252385,Vallbona de les Monges,,41.525048992000045,1.088920757999609,38,Urgell
082938,Vallcebre,,42.20333326000007,1.8185861950000008,14,Berguedà
431589,Vallclara,,41.377204717000026,0.9820698909994188,16,Conca de Barberà
259010,Vall de Cardós,,42.56361512200004,1.2276408569998147,26,Pallars Sobirà
252402,Vallfogona de Balaguer,,41.752007750000075,0.8163507949990312,23,Noguera
171707,Vallfogona de Ripollès,,42.19728893600005,2.3041502120000157,31,Ripollès
431592,Vallfogona de Riucorb,,41.56309673900005,1.2362288549997944,16,Conca de Barberà
082943,Vallgorguina,,41.64725988100001,2.511522937000043,41,Vallès Oriental
082956,Vallirana,,41.38805611100002,1.9318814440000398,11,Baix Llobregat
172095,Vall-llobrega,,41.88053534100004,3.1269510130000437,10,Baix Empordà
431606,Vallmoll,,41.24265311200002,1.248902308999835,1,Alt Camp
082969,Vallromanes,,41.53184294800007,2.2983539160000444,41,Vallès Oriental
431613,Valls,,41.28430482000004,1.2476239749998297,1,Alt Camp
431628,Vandellòs i l'Hospitalet de l'Infant,,41.01992442500005,0.8315283539990024,8,Baix Camp
082975,Veciana,,41.65597683400005,1.4886629899999366,6,Anoia
172109,Ventalló,,42.14937060600003,3.026900741000011,2,Alt Empordà
252424,Verdú,,41.61058521700004,1.1428597869996786,38,Urgell
172116,Verges,,42.06043381500006,3.0466715260000594,10,Baix Empordà
431649,Vespella de Gaià,,41.195539113000045,1.362829036999888,36,Tarragonès
082981,Vic,,41.92996761000007,2.2542641930000302,24,Osona
172121,Vidrà,,42.122732223000064,2.3097808550000325,24,Osona
172137,Vidreres,,41.78967114500006,2.7803285820000294,34,Selva
252430,Vielha e Mijaran,,42.701913161000036,0.7951264549990652,39,Val d'Aran
431652,Vilabella,,41.246753499000064,1.3299090079998994,1,Alt Camp
172142,Vilabertran,,42.28356246000003,2.97969386500005,2,Alt Empordà
172155,Vilablareix,,41.95277439400007,2.794042044000028,20,Gironès
082994,Vilada,,42.136867267000056,1.9317427890000392,14,Berguedà
172174,Viladamat,,42.13275084400003,3.0738170470000257,2,Alt Empordà
172168,Viladasens,,42.09533185400004,2.929699519000045,20,Gironès
083015,Viladecans,,41.315896770000045,2.019652409000047,11,Baix Llobregat
083008,Viladecavalls,,41.55533045500003,1.9543753600000142,40,Vallès Occidental
172180,Vilademuls,,42.13851210100005,2.8879642080000196,28,Pla de l'Estany
172207,Viladrau,,41.847690593000024,2.3899451900000397,24,Osona
172214,Vilafant,,42.24663344600003,2.9377950960000496,2,Alt Empordà
083054,Vilafranca del Penedès,,41.34649760900004,1.697222865000035,3,Alt Penedès
252445,Vilagrassa,,41.64824278100007,1.1064320419996632,38,Urgell
172235,Vilajuïga,,42.32745260200005,3.094145390000042,2,Alt Empordà
431750,Vilalba dels Arcs,,41.121123276000034,0.41019428099641997,37,Terra Alta
083067,Vilalba Sasserra,,41.65285856900004,2.4411206400000567,41,Vallès Oriental
252458,Vilaller,,42.47639331500003,0.7172058429987463,5,Alta Ribagorça
431665,Vilallonga del Camp,,41.211369690000026,1.205916871999765,36,Tarragonès
172240,Vilallonga de Ter,,42.331670299000045,2.3124321310000284,31,Ripollès
172253,Vilamacolum,,42.19658005200006,3.056959228000031,2,Alt Empordà
172266,Vilamalla,,42.21719177100004,2.9707189140000225,2,Alt Empordà
172272,Vilamaniscle,,42.37549187100005,3.0677987730000416,2,Alt Empordà
252477,Vilamòs,,42.747631836000046,0.7265198129988143,39,Val d'Aran
172288,Vilanant,,42.25500163900006,2.889153625000054,2,Alt Empordà
252483,Vilanova de Bellpuig,,41.61479322300004,0.961223053999424,27,Pla d'Urgell
252542,Vilanova de la Barca,,41.691061102000035,0.7287667419986975,33,Segrià
252496,Vilanova de l'Aguda,,41.91086491400005,1.252463403999805,23,Noguera
083020,Vilanova del Camí,,41.57225855300003,1.6341992380000177,6,Anoia
089024,Vilanova del Vallès,,41.55405655900007,2.2889986150000157,41,Vallès Oriental
252509,Vilanova de Meià,,41.995580084000025,1.0234701819995355,23,Noguera
431687,Vilanova de Prades,,41.34808373000002,0.9564077139993458,16,Conca de Barberà
083036,Vilanova de Sau,,41.94711624100006,2.384824809000056,24,Osona
431671,Vilanova d'Escornalbou,,41.11296713800002,0.9366227139993261,8,Baix Camp
252516,Vilanova de Segrià,,41.71252913500006,0.6187376159981394,33,Segrià
083073,Vilanova i la Geltrú,,41.22411113800006,1.7261802330000031,17,Garraf
431690,Vilaplana,,41.22866611800003,1.033104388999547,8,Baix Camp
431704,Vila-rodona,,41.310904342000065,1.3583215649998863,1,Alt Camp
172305,Vila-sacra,,42.26545523300007,3.0184392830000117,2,Alt Empordà
252521,Vila-sana,,41.663553805000035,0.9274707329993409,27,Pla d'Urgell
431711,Vila-seca,,41.11094923000007,1.1448057929996907,36,Tarragonès
082140,Vilassar de Dalt,,41.51699079500002,2.359477069000027,21,Maresme
082191,Vilassar de Mar,,41.502388588000024,2.392486809000039,21,Maresme
172229,Vilaür,,42.14353764300006,2.9538850170000526,2,Alt Empordà
431726,Vilaverd,,41.33686977000007,1.177353404999768,16,Conca de Barberà
083041,Vilobí del Penedès,,41.39024458700003,1.6636225400000195,3,Alt Penedès
172333,Vilobí d'Onyar,,41.88837663000003,2.742918474000012,34,Selva
172327,Vilopriu,,42.10420618800003,2.9922909180000286,10,Baix Empordà
431763,Vimbodí i Poblet,,41.40032600500005,1.0511071119995823,16,Conca de Barberà
252555,Vinaixa,,41.42842162300006,0.9750993979994237,18,Garrigues
431779,Vinebre,,41.18423376200006,0.5906468489978881,30,Ribera d'Ebre
431785,Vinyols i els Arcs,,41.113623977000024,1.0391348359995531,8,Baix Camp
083089,Viver i Serrateix,,41.94672926000004,1.7786230240000438,14,Berguedà
430521,Xerta,,40.90681676200007,0.4906524649970836,9,Baix Ebre
